HOJE = ,Nº,Comissão,Processo,Nº no Sistema,Data Entrada ,Data enviada p/ comissão,Dias Penden,Data possível abertura,Período Retirada,Data Abertura,Hora Abertura,Qut. dias até abertura,Atraso em dias corridos,Número Ofício,Órgão Requisitante,Recurso,Objeto,Status,Estimado Projetado, Estimado Real , Adjudicado , Valores Expurgados  ,Adjudicado ME/EPP,Tipo,,Obs.,,,,,,,,,,,,,,,
TITULO CONCORRENCIA,1,SIGLA 00,0000000-0/2014,,03/01/14,03/01/14,0,25/1/2014,16/01 à 28/01/14,29/01/14,14:30,26,,OFICIO 000/00,NOME ORGAO,100,DESCRICAO OBJETO,NÃO FINALIZADO,6250,0,,,,, Aquisição , Consumo ,,,,,,,,,,,,,,,
,,,,,,,,,,,,,,,,,,,53810,0,53810,0,53810,0,,, Aquisição , Consumo ,,,,,,,,,,,,,
,,,,,,,,,,,,,,,,,,,30078,0,15911,40,15911,40,,, Aquisição , Consumo ,,,,,,,,,,,,,
,,,,,,,,,,,,,,,,,,,FINALIZADO,60000,0,60000,0,48900,0,,, Aquisição , Consumo ,,,,,,,,,,,,
,,,,,,,,,,,,,,,,,,,1535076,0,65160,0,45900,0,,, Aquisição , Consumo ,,,,,,,,,,,,,
,,,,,,,,,,,,,,,,,,,2568045,0,,,,, Aquisição , Permanente ,,,,,,,,,,,,,,,
,,,,,,,,,,,,,,,,,,,8355311,28,8221844,52,5832099,24,,, Aquisição , Consumo ,Suspenso pedido de esclarecimento/Reabertura,,,,,,,,,,,,
,,,,,,,,,,,,,,,,,,,3573409,0,2168178,0,1692763,0,,, Aquisição , Consumo ,,,,,,,,,,,,,
,,,,,,,,,,,,,,,,,,,33175,56,26992,44,15312,24,,, Aquisição , Consumo ,,,,,,,,,,,,,
,,,,,,,,,,,,,,,,,,,22984,44,19650,0,17187,60,,, Aquisição , Consumo ,,,,,,,,,,,,,
,,,,,,,,,,,,,,,,,,,185580,65,185580,65,167054,50,,, Aquisição , Consumo ,,,,,,,,,,,,,
,,,,,,,,,,,,,,,,,,,90000,0,90000,0,56950,0,,, Aquisição , Consumo ,,,,,,,,,,,,,
,,,,,,,,,,,,,,,,,,,6725000,0,6725000,0,6725000,0,,, Aquisição , Consumo ,,,,,,,,,,,,,
,,,,,,,,,,,,,,,,,,,487490,40,387968,2,362893,54,,, Aquisição , Consumo ,,,,,,,,,,,,,
,,,,,,,,,,,,,,,,,,,69622,32,69622,32,56342,16,,, Aquisição , Consumo ,,,,,,,,,,,,,
,,,,,,,,,,,,,,,,,,,,,,153863,16,, Aquisição , Consumo ,,,,,,,,,,,,,,,
,,,,,,,,,,,,,,,,,,,366997,56,365869,56,273306,72,,, Aquisição , Consumo ,,,,,,,,,,,,,
,,,,,,,,,,,,,,,,,,,2625000,0,,,,, Serviços ,,,,,,,,,,,,,,,,
,,,,,,,,,,,,,,,,,,,5296208,40,1260540,0,912420,0,,, Aquisição , Consumo ,,,,,,,,,,,,,
,,,,,,,,,,,,,,,,,,,FINALIZADO,39981,39,37503,7,34151,56,,, Aquisição , Consumo ,,,,,,,,,,,,
,,,,,,,,,,,,,,,,,,,FINALIZADO,3854,35,3762,93,1048,68,,, Aquisição , Consumo ,,,,,,,,,,,,
,,,,,,,,,,,,,,,,,,,NÃO FINALIZADO,213558,84,,,,, Serviços ,,,,,,,,,,,,,,,
,,,,,,,,,,,,,,,,,,, PARA FUNCIONÁRIOS DA FÁBRICA DE PRESERVATIVOS MASCULINOS EM XAPURI.,NÃO FINALIZADO,102254,0,,,,, Serviços ,,,,,,,,,,,,,,
,,,,,,,,,,,,,,,,,,,FRACASSADO,,,,18330,0,, Serviços ,,,,,,,,,,,,,,,
,,,,,,,,,,,,,,,,,,,,,,10770,36,, Serviços ,,,,,,,,,,,,,,,,
,,,,,,,,,,,,,,,,,,,NÃO FINALIZADO,276893,30,,,,, Aquisição , Consumo ,,,,,,,,,,,,,,
,,,,,,,,,,,,,,,,,,,CANCELADO,,,,99250,0,, Aquisição , Permanente ,Ofício 334/14,,,,,,,,,,,,,
,,,,,,,,,,,,,,,,,,,141585,0,,,,, Aquisição , Consumo ,,,,,,,,,,,,,,,
,,,,,,,,,,,,,,,,,,,21865,0,,,,, Aquisição , Consumo ,,,,,,,,,,,,,,,
,,,,,,,,,,,,,,,,,,,208350,0,,,,, Aquisição , Permanente ,Suspenso pedido de esclarecimento/Reabertura,,,,,,,,,,,,,,
,,,,,,,,,,,,,,,,,,,46320,0,,,,, Serviços ,,Suspenso a pedido da secretaria/Reabertura,,,,,,,,,,,,,,
,,,,,,,,,,,,,,,,,,,NÃO FINALIZADO,68938,90,,,,, Aquisição , Consumo ,,,,,,,,,,,,,,
,,,,,,,,,,,,,,,,,,,NÃO FINALIZADO,36148,82,,,,, Aquisição , Consumo ,,,,,,,,,,,,,,
,,,,,,,,,,,,,,,,,,,168000,0,,,,, Serviços ,,,,,,,,,,,,,,,,
,,,,,,,,,,,,,,,,,,,108830,16,93299,76,84848,16,,, Aquisição , Consumo ,,,,,,,,,,,,,
,,,,,,,,,,,,,,,,,,,178017,36,175728,12,137589,48,,, Aquisição , Consumo ,,,,,,,,,,,,,
,,,,,,,,,,,,,,,,,,,153338,76,144177,48,119529,24,,, Aquisição , Consumo ,,,,,,,,,,,,,
,,,,,,,,,,,,,,,,,,,741001,68,714754,68,468655,68,,, Aquisição , Consumo ,,,,,,,,,,,,,
,,,,,,,,,,,,,,,,,,,473802,48,471893,52,359715,48,,, Aquisição , Consumo ,,,,,,,,,,,,,
,,,,,,,,,,,,,,,,,,,NÃO FINALIZADO,90000,0,,,,, Aquisição , Permanente ,Prorrogação,,,,,,,,,,,,,
,,,,,,,,,,,,,,,,,,,NÃO FINALIZADO,47124,60,,,,, Aquisição , Consumo ,Suspenso pedido de esclarecimento,,,,,,,,,,,,,
,,,,,,,,,,,,,,,,,,,46072,60,,,,, Aquisição , Permanente ,Suspenso pedido de esclarecimento,,,,,,,,,,,,,,
,,,,,,,,,,,,,,,,,,,648182,0,319260,0,316865,55,,, Aquisição , Consumo ,,,,,,,,,,,,,
,,,,,,,,,,,,,,,,,,,NÃO FINALIZADO,1953831,96,,,,, Aquisição , Consumo ,Suspenso pedido de esclarecimento/Reabertura/Suspenso pedido de esclarecimento/Reabertura,,,,,,,,,,,,,
,,,,,,,,,,,,,,,,,,,FINALIZADO,370495,62,342660,67,147080,54,,, Aquisição , Consumo ,,,,,,,,,,,,
,,,,,,,,,,,,,,,,,,, FERRAMENTAS E FERRAGENS, EQUIPAMENTOS DE SEGURANÇA, FORROS E DIVISÓRIAS, BÁSICOS DA CONSTRUÇÃO).,NÃO FINALIZADO,448841,85,,,,, Aquisição , Consumo ,Prorrogação,,,,,,,,,
,,,,,,,,,,,,,,,,,,, NO MUNICÍPIODE MARECHAL THAUMATURGO.,NÃO FINALIZADO,65589,15,,,,, Aquisição , Permanente ,Suspenso pedido de esclarecimento/Reabertura,,,,,,,,,,,,
,,,,,,,,,,,,,,,,,,, SENADOR GUIOMARD, PORTO ACRE, ACRELÂNDIA, PLÁCIDO DE CASTRO, SENA MADUREIRA, MANOEL URBANO, FEIJÓ, TARAUACÁ, CRUZEIRO DO SUL, MÂNCIO LIMA, RODRIGUES ALVES, CAPIXABA, XAPURÍ, BRASILÉIA, EPITACIOLÂNDIA E ASSIS BRASIL.,NÃO FINALIZADO,6955000,0,,,,, Serviços 
,,,,,,,,,,,,,,,,,,,322250,20,,,,, Aquisição , Consumo ,Suspenso pedido de esclarecimento,,,,,,,,,,,,,,
,,,,,,,,,,,,,,,,,,,FINALIZADO,201068,52,188006,52,134187,12,,, Aquisição , Consumo ,,,,,,,,,,,,
,,,,,,,,,,,,,,,,,,,57161,28,36736,80,36736,80,,, Aquisição , Consumo ,,,,,,,,,,,,,
,,,,,,,,,,,,,,,,,,,75085,80,69161,64,59270,40,,, Aquisição , Consumo ,,,,,,,,,,,,,
,,,,,,,,,,,,,,,,,,, PROCESSAMENTO DE DADOS, EXPEDIENTE, MATERIAL ELÉTRICO E ELETRÔNICO E MATERIAL DE ACONDICIONAMENTO E EMBALAGEM).,NÃO FINALIZADO,270134,55,,,,, Aquisição , Consumo ,,,,,,,,,,,
,,,,,,,,,,,,,,,,,,, OU AGROFLORESTAL OU TÉCNICO FLORESTAL, COM EXPERIÊNCIA PARA ATUAR COMO INSTRUTOR NO CURSO DE FLORES TROPICAIS E JARDINAGEM NOS MUNICÍPIOS DE SENA MADUREIRA E CRUZEIRO DO SUL.,NÃO FINALIZADO,10080,0,,,,, Serviços ,,Prorrogação,,,,,,,,,,,
,,,,,,,,,,,,,,,,,,,125536,36,,,,, Aquisição , Consumo ,,,,,,,,,,,,,,,
,,,,,,,,,,,,,,,,,,,DESERTO,,,,166680,0,, Serviços ,,,,,,,,,,,,,,,
,,,,,,,,,,,,,,,,,,, GARRAFA TÉRMICA, PILHAS E CAPA PARA CHUVA).,NÃO FINALIZADO,175887,0,,,,, Aquisição , Consumo ,,,,,,,,,,,,
,,,,,,,,,,,,,,,,,,,168120,0,,,,, Serviços ,,,,,,,,,,,,,,,,
,,,,,,,,,,,,,,,,,,,133758,50,,,,, Aquisição , Consumo ,,,,,,,,,,,,,,,
,,,,,,,,,,,,,,,,,,,70826,64,70826,64,64051,68,,, Aquisição , Consumo ,,,,,,,,,,,,,
,,,,,,,,,,,,,,,,,,,FINALIZADO,454427,4,450902,64,369554,40,,, Aquisição , Consumo ,,,,,,,,,,,,
,,,,,,,,,,,,,,,,,,,FINALIZADO,165832,56,165832,56,158874,60,,, Aquisição , Consumo ,,,,,,,,,,,,
,,,,,,,,,,,,,,,,,,,,,,345000,0,, Aquisição , Permanente ,Reedição Pregão SRP N. 1303/13,,,,,,,,,,,,,,
,,,,,,,,,,,,,,,,,,,NÃO FINALIZADO,265597,76,,,,, Aquisição , Consumo ,,,,,,,,,,,,,,
,,,,,,,,,,,,,,,,,,,FINALIZADO,180885,63,180885,63,81092,53,,, Aquisição , Consumo ,,,,,,,,,,,,
,,,,,,,,,,,,,,,,,,, MANUTENÇÃO E RECUPERAÇÃO DE VIAS URBANAS, ESTRADAS VICINAIS PAVIMENTADAS, RODOVIAS ESTADUAIS E FEDERAIS.,FINALIZADO,19435600,0,19935000,0,19934000,0,,, Aquisição , Consumo ,,,,,,,,,
,,,,,,,,,,,,,,,,,,, NO MUNICÍPIO DE XAPURI.,FINALIZADO,189728,52,184567,20,141541,80,,, Aquisição , Consumo ,,,,,,,,,,,
,,,,,,,,,,,,,,,,,,,252900,0,,,,, Aquisição , Consumo ,,,,,,,,,,,,,,,
,,,,,,,,,,,,,,,,,,,NÃO FINALIZADO,773500,0,,,,, Serviços ,,,,,,,,,,,,,,,
,,,,,,,,,,,,,,,,,,,NÃO FINALIZADO,927880,38,,,,, Aquisição , Consumo ,,,,,,,,,,,,,,
,,,,,,,,,,,,,,,,,,,112000,0,112000,0,111900,0,,, Serviços ,,,,,,,,,,,,,,
,,,,,,,,,,,,,,,,,,,40210,0,40210,0,40210,0,,, Aquisição , Consumo ,,,,,,,,,,,,,
,,,,,,,,,,,,,,,,,,,NÃO FINALIZADO,220065,24,,,,, Serviços ,,,,,,,,,,,,,,,
,,,,,,,,,,,,,,,,,,, CASSETES E IMPRESSORAS DRY, DESTINADO AO HOSPITAL DE URGÊNCIA E EMERGÊNCIA DE RIO BRANCO.,NÃO FINALIZADO,993643,20,,,,, Aquisição , Consumo ,Suspenso pedido de esclarecimento/Reabertura,,,,,,,,,,,
,,,,,,,,,,,,,,,,,,,102636,84,,,,, Aquisição , Consumo ,Suspenso /Reabertura/Suspenso/Reabertura/Suspenso/Reabertura,,,,,,,,,,,,,,
,,,,,,,,,,,,,,,,,,, GÁS LIQUEFEITO DE PETRÓLEO E BOTIJA DE GÁS, PARA ATENDER AS NECESSIDADES DAS UNIDADES HOSPITALARES, NA REGIONAL DO PURUS.,FINALIZADO,64457,40,41582,40,27615,60,,, Aquisição , Consumo ,Reabertura com retificação,,,,,,,,
,,,,,,,,,,,,,,,,,,,110973,0,98394,0,88119,60,,, Aquisição , Consumo ,,,,,,,,,,,,,
,,,,,,,,,,,,,,,,,,,DESERTO,,,,118872,0,, Aquisição , Consumo ,,,,,,,,,,,,,,
,,,,,,,,,,,,,,,,,,,NÃO FINALIZADO,10993072,8,,,,, Aquisição , Consumo ,,,,,,,,,,,,,,
,,,,,,,,,,,,,,,,,,,6058614,96,,,,, Aquisição , Consumo ,,,,,,,,,,,,,,,
,,,,,,,,,,,,,,,,,,,384183,38,,,,, Aquisição , Consumo ,,,,,,,,,,,,,,,
,,,,,,,,,,,,,,,,,,,6979411,20,6979411,20,3681940,44,,, Aquisição , Consumo ,,,,,,,,,,,,,
,,,,,,,,,,,,,,,,,,,7375364,4,,,,, Aquisição , Consumo ,,,,,,,,,,,,,,,
,,,,,,,,,,,,,,,,,,,6076160,8,,,,, Aquisição , Consumo ,,,,,,,,,,,,,,,
,,,,,,,,,,,,,,,,,,,6911640,60,,,,, Aquisição , Consumo ,Suspenso pedido de esclarecimento/Reabertura,,,,,,,,,,,,,,
,,,,,,,,,,,,,,,,,,,2127984,0,,,,, Serviços ,,,,,,,,,,,,,,,,
,,,,,,,,,,,,,,,,,,,NÃO FINALIZADO,263350,0,,,,, Aquisição , Consumo ,,,,,,,,,,,,,,
,,,,,,,,,,,,,,,,,,,48000,0,,,,, Aquisição , Consumo ,,,,,,,,,,,,,,,
,,,,,,,,,,,,,,,,,,,FINALIZADO,403860,0,403860,0,343600,0,,, Aquisição , Consumo ,,,,,,,,,,,,
,,,,,,,,,,,,,,,,,,, GÁS LIQUEFEITO DE PETRÓLEO E BOTIJA DE GÁS, PARA ATENDER AS NECESSIDADES DAS UNIDADES HOSPITALARES, NO ÂMBITO DA SESACRE.,FINALIZADO,63147,0,50856,0,48546,0,,, Aquisição , Consumo ,,,,,,,,,
,,,,,,,,,,,,,,,,,,,FINALIZADO,167737,8,167737,8,132607,20,,, Aquisição , Consumo ,,,,,,,,,,,,
,,,,,,,,,,,,,,,,,,,FINALIZADO,6240750,0,6240750,0,3078060,0,,, Serviços ,,Prorrogação c/ retificação,,,,,,,,,,,
,,,,,,,,,,,,,,,,,,, GÁS LIQUEFEITO DE PETRÓLEO E BOTIJA DE GÁS, PARA ATENDER AS NECESSIDADES DA UNIDADE MISTA DE ASSIS BRASIL, NO ÂMBITO DA SESACRE.,DESERTO,,,,13759,44,, Aquisição , Consumo ,,,,,,,,,,,
,,,,,,,,,,,,,,,,,,,NÃO FINALIZADO,493857,71,,,,, Aquisição , Consumo ,,,,,,,,,,,,,,
,,,,,,,,,,,,,,,,,,, GÁS LIQUEFEITO DE PETRÓLEO E BOTIJA DE GÁS, PARA ATENDER AS NECESSIDADES DAS UNIDADES MISTAS DE ACRELÂNDIA E ANA NERY, NOS MUNICÍPIOS DE ACRELÂNDIA E VILA CAMPINAS/PLÁCIDO DE CASTRO.,FINALIZADO,52483,56,26437,68,24580,80,,, Aquisição , Consumo ,,,,,,,,,
,,,,,,,,,,,,,,,,,,,271472,76,,,,, Aquisição , Consumo ,,,,,,,,,,,,,,,
,,,,,,,,,,,,,,,,,,, FRIGOBAR E GELADEIRA), INSTALAÇÃO E DESINSTALAÇÃO DE CONDICIONADOR DE AR TIPO SPLIT.,NÃO FINALIZADO,90944,16,,,,, Serviços ,,,,,,,,,,,,,
,,,,,,,,,,,,,,,,,,,295340,0,,,,, Serviços ,,,,,,,,,,,,,,,,
,,,,,,,,,,,,,,,,,,,271000,0,,,,, Aquisição , Consumo ,,,,,,,,,,,,,,,
,,,,,,,,,,,,,,,,,,,FINALIZADO,63936,72,63936,72,42333,72,,, Aquisição , Consumo ,,,,,,,,,,,,
,,,,,,,,,,,,,,,,,,,FINALIZADO,91184,76,91184,76,77990,40,,, Aquisição , Consumo ,,,,,,,,,,,,
,,,,,,,,,,,,,,,,,,, OBJETIVANDO ATENDER OS RECÉM-NASCIDOS DO ESTADO DO ACRE.,FINALIZADO,1484647,32,1484647,32,1483219,92,,, Serviços ,,,,,,,,,,,,
,,,,,,,,,,,,,,,,,,,,,,147500,0,, Aquisição , Consumo ,,,,,,,,,,,,,,,
,,,,,,,,,,,,,,,,,,,9628619,58,6342808,86,3333394,80,,, Aquisição , Consumo ,,,,,,,,,,,,,
,,,,,,,,,,,,,,,,,,,28971,0,28971,0,18000,0,,, Aquisição , Permanente ,,,,,,,,,,,,,
,,,,,,,,,,,,,,,,,,,NÃO FINALIZADO,4050476,64,,,,, Serviços ,,,,,,,,,,,,,,,
,,,,,,,,,,,,,,,,,,,NÃO FINALIZADO,3613200,0,,,,, Aquisição , Consumo ,,,,,,,,,,,,,,
,,,,,,,,,,,,,,,,,,,51200,0,,,,, Serviços ,,Suspenso pedido de esclarecimento/Reabertura com retificação,,,,,,,,,,,,,,
,,,,,,,,,,,,,,,,,,,1237265,64,,,,, Aquisição , Consumo ,,,,,,,,,,,,,,,
,,,,,,,,,,,,,,,,,,,,,,14610,0,, Serviços ,,,,,,,,,,,,,,,,
,,,,,,,,,,,,,,,,,,,951466,0,951466,0,943000,0,,, Aquisição , Permanente ,,,,,,,,,,,,,
,,,,,,,,,,,,,,,,,,,DESERTO,,,,168000,0,, Aquisição , Consumo ,,,,,,,,,,,,,,
,,,,,,,,,,,,,,,,,,,FINALIZADO,500500,0,500500,0,481082,50,,, Aquisição , Consumo ,,,,,,,,,,,,
,,,,,,,,,,,,,,,,,,,NÃO FINALIZADO,321000,0,,,,, Aquisição , Consumo ,,,,,,,,,,,,,,
,,,,,,,,,,,,,,,,,,,NÃO FINALIZADO,246000,0,,,,, Aquisição , Consumo ,,,,,,,,,,,,,,
,,,,,,,,,,,,,,,,,,,NÃO FINALIZADO,185500,0,,,,, Aquisição , Consumo ,,,,,,,,,,,,,,
,,,,,,,,,,,,,,,,,,,NÃO FINALIZADO,482750,0,,,,, Aquisição , Consumo ,,,,,,,,,,,,,,
,,,,,,,,,,,,,,,,,,, PNEUS E BATERIAS, PARA APLICAÇÃO DIRETA EM MÁQUINAS, EQUIPAMENTOS E VEÍCULOS DO DERACRE.,NÃO FINALIZADO,2082307,35,,,,, Aquisição , Permanente ,Suspenso pedido de esclarecimento/Reabertura com retificação,,,,,,,,,,
,,,,,,,,,,,,,,,,,,, PARA ATENDER O PROGRAMA DE MELHORAMENTO E MANUTENÇÃO DE ESTRADAS VICINAIS - RAMAIS DO POVO.,CANCELADO,,,,2679542,0,, Aquisição , Consumo ,Cancelado pelo Of. 065/14,,,,,,,,,,,,
,,,,,,,,,,,,,,,,,,,8700,0,8700,0,8000,0,,, Serviços ,,Prorrogado,,,,,,,,,,,,
,,,,,,,,,,,,,,,,,,,FINALIZADO,62767,33,62767,33,47120,0,,, Aquisição , Permanente ,,,,,,,,,,,,
,,,,,,,,,,,,,,,,,,,FINALIZADO,74400,0,74400,0,72000,0,,, Serviços ,,,,,,,,,,,,,
,,,,,,,,,,,,,,,,,,,NÃO FINALIZADO,7621212,71,,,,, Aquisição , Consumo ,,,,,,,,,,,,,,
,,,,,,,,,,,,,,,,,,,NÃO FINALIZADO,3309882,71,,,,, Aquisição , Consumo ,,,,,,,,,,,,,,
,,,,,,,,,,,,,,,,,,, ACESSÓRIAS, INSTRUMENTAIS E COMPLEMENTARES AO DEPARTAMENTO, RELATIVO À PRESTAÇÃO DE SERVIÇOS DE MANUTENÇÃO MECÂNICA E ELÉTRICA DO SISTEMA DE SANEAMENTO, ABASTECIMENTO E DISTRIBUIÇÃO DE ÁGUA, A SEREM DESENVOLVIDAS NAS FRENTES DE SERVIÇO DA CIDADE DE RIO BRANCO.,NÃO FINALIZADO,692503,54,,,,, Tercerizado ,,,,,,,,,,
,,,,,,,,,,,,,,,,,,,NÃO FINALIZADO,336763,0,,,,, Aquisição , Consumo ,,,,,,,,,,,,,,
,,,,,,,,,,,,,,,,,,,NÃO FINALIZADO,41652,0,,,,, Aquisição , Consumo ,,,,,,,,,,,,,,
,,,,,,,,,,,,,,,,,,, NA REGIONAL PURUS.,NÃO FINALIZADO,122356,92,,,,, Aquisição , Consumo ,,,,,,,,,,,,,
,,,,,,,,,,,,,,,,,,, NO MUNICÍPIO DE SANTA ROSA.,NÃO FINALIZADO,324292,92,,,,, Aquisição , Consumo ,,,,,,,,,,,,,
,,,,,,,,,,,,,,,,,,,NÃO FINALIZADO,60998,16,,,,, Aquisição , Consumo ,,,,,,,,,,,,,,
,,,,,,,,,,,,,,,,,,,NÃO FINALIZADO,111179,52,,,,, Aquisição , Consumo ,,,,,,,,,,,,,,
,,,,,,,,,,,,,,,,,,,NÃO FINALIZADO,79242,0,,,,, Aquisição , Consumo ,,,,,,,,,,,,,,
,,,,,,,,,,,,,,,,,,,32760,0,,,,, Aquisição , Consumo ,,,,,,,,,,,,,,,
,,,,,,,,,,,,,,,,,,,NÃO FINALIZADO,199410,60,,,,, Aquisição , Consumo ,,,,,,,,,,,,,,
,,,,,,,,,,,,,,,,,,,NÃO FINALIZADO,59194,86,,,,, Aquisição , Consumo ,,,,,,,,,,,,,,
,,,,,,,,,,,,,,,,,,,NÃO FINALIZADO,127000,0,,,,, Aquisição , Consumo ,,,,,,,,,,,,,,
,,,,,,,,,,,,,,,,,,,NÃO FINALIZADO,1903628,21,,,,, Aquisição , Consumo ,Suspenso pedido de esclarecimento/Reabertura com retificação/Prorrogado/Suspenso/Reabertura,,,,,,,,,,,,,
,,,,,,,,,,,,,,,,,,,FINALIZADO,1399159,56,1379484,36,699771,0,,, Aquisição , Consumo ,,,,,,,,,,,,
,,,,,,,,,,,,,,,,,,, DESTINADOS PARA ATENDER AS EQUIPES DO DERACRE NAS REGIONAIS DO ALTO ACRE.,FINALIZADO,339236,78,75882,43,73000,0,,, Aquisição , Consumo ,,,,,,,,,,,
,,,,,,,,,,,,,,,,,,, NOS MUNICÍPIOS DA REGIONAL DO ENVIRA/TARAUACÁ.,FINALIZADO,1221960,90,953616,90,936300,0,,, Serviços ,,,,,,,,,,,,
,,,,,,,,,,,,,,,,,,, NOS MUNICÍPIOS DA REGIONAL DO PURUS.,FINALIZADO,910097,70,910097,70,799232,40,,, Serviços ,,,,,,,,,,,,
,,,,,,,,,,,,,,,,,,, NOS MUNICÍPIOS DA REGIONAL DO PURUS.,FINALIZADO,2359586,94,2359586,94,2330120,16,,, Serviços ,,,,,,,,,,,,
,,,,,,,,,,,,,,,,,,, NOS MUNICÍPIOS DA REGIONAL DO BAIXO ACRE.,NÃO FINALIZADO,2732733,12,,,,, Serviços ,,,,,,,,,,,,,,
,,,,,,,,,,,,,,,,,,, NO MUNICÍPIOS DA REGIONAL DO ALTO ACRE.,NÃO FINALIZADO,800960,70,,,,, Serviços ,,,,,,,,,,,,,,
,,,,,,,,,,,,,,,,,,, MANUTENÇÃO, CONSERVAÇÃO E RECUPERAÇÃO, DE PÁTIOS E ACESSOS EM ÁREAS PÚBLICAS, NAS REGIONAIS DO PURUS, ALTO ACRE E BAIXO ACRE.,NÃO FINALIZADO,1542600,0,,,,, Serviços ,,Prorrogação c/ retificação,,,,,,,,
,,,,,,,,,,,,,,,,,,,NÃO FINALIZADO,811988,70,,,,, Aquisição , Consumo ,,,,,,,,,,,,,,
,,,,,,,,,,,,,,,,,,, E AQUISIÇÃO DE VASOS PARA PLANTAS, PARA ATENDER  A SEPC.,FINALIZADO,228471,52,228471,52,73797,60,,, Serviços ,,,,,,,,,,,
,,,,,,,,,,,,,,,,,,,FINALIZADO,10120,0,10120,0,9900,0,,, Aquisição , Consumo ,,o,,,,,,,,,,
,,,,,,,,,,,,,,,,,,,73000,0,,,,, Aquisição , Permanente ,,,,,,,,,,,,,,,
,,,,,,,,,,,,,,,,,,,,,,59970,0,, Aquisição , Permanente ,Cancelado pelo Ofício 204/14,,,,,,,,,,,,,,
,,,,,,,,,,,,,,,,,,,172102,34,,,,, Aquisição , Consumo ,,,,,,,,,,,,,,,
,,,,,,,,,,,,,,,,,,, CAMBAGEM, MONTAGEM, RODÍZIO E DE BORRACHARIA, VISANDO AOS VEÍCULOS OFICIAIS QUE COMPÕEM E AQUELES QUE VENHAM COMPOR A FROTA OFICIAL.,NÃO FINALIZADO,14092,0,,,,, Serviços ,,,,,,,,,,,
,,,,,,,,,,,,,,,,,,,NÃO FINALIZADO,345999,0,,,,, Aquisição , Consumo ,,,,,,,,,,,,,,
,,,,,,,,,,,,,,,,,,,NÃO FINALIZADO,98660,28,,,,, Aquisição , Consumo ,,,,,,,,,,,,,,
,,,,,,,,,,,,,,,,,,, NOS MUNICÍPIOS DE BRASILÉIA E ASSIS BRASIL.,NÃO FINALIZADO,32167,50,,,,, Aquisição , Consumo ,,,,,,,,,,,,,
,,,,,,,,,,,,,,,,,,,NÃO FINALIZADO,34689,40,,,,, Aquisição , Consumo ,,,,,,,,,,,,,,
,,,,,,,,,,,,,,,,,,, RESIDENTES EM ÁREAS RURAIS, NO MUNICÍPIO DE ASSIS BRASIL/AC.,NÃO FINALIZADO,215240,0,,,,, Serviços ,,,,,,,,,,,,,
,,,,,,,,,,,,,,,,,,,CANCELADO,,,,23306,1,, Aquisição , Consumo ,Cancelado pelo of. 200/14 de 14/02,,,,,,,,,,,,,
,,,,,,,,,,,,,,,,,,,NÃO FINALIZADO,518495,0,,,,, Aquisição , Consumo ,,,,,,,,,,,,,,
,,,,,,,,,,,,,,,,,,,480000,0,480000,0,210508,0,,, Serviços ,,Suspenso pedido de esclarecimento/Reabertura,,,,,,,,,,,,
,,,,,,,,,,,,,,,,,,,208000,0,208000,0,56460,0,,, Serviços ,,,,,,,,,,,,,,
,,,,,,,,,,,,,,,,,,,2392000,0,447460,0,447460,0,,, Serviços ,,,,,,,,,,,,,,
,,,,,,,,,,,,,,,,,,, PNAE, PNAC E PROJOVEM.,NÃO FINALIZADO,1962529,26,,,,, Aquisição , Consumo ,,,,,,,,,,,,
,,,,,,,,,,,,,,,,,,, PNAE, PNAC E PROJOVEM.,NÃO FINALIZADO,1818599,9,,,,, Aquisição , Consumo ,,,,,,,,,,,,
,,,,,,,,,,,,,,,,,,, MÂNCIO LIMA E RODRIGUES ALVES.,NÃO FINALIZADO,1534000,0,,,,, Aquisição , Consumo ,,,,,,,,,,,,,
,,,,,,,,,,,,,,,,,,, ELETRO-ELETRÔNICOS E MATERIAL PERMANENTE.,NÃO FINALIZADO,1231225,83,,,,, Aquisição , Permanente ,Prorrogação c/ retificação,,,,,,,,,,,,
,,,,,,,,,,,,,,,,,,,143103,73,143103,73,93860,0,,, Aquisição , Consumo ,,,,,,,,,,,,,
,,,,,,,,,,,,,,,,,,,CANCELADO,,,,20260,94,, Aquisição , Consumo ,,,,,,,,,,,,,,
,,,,,,,,,,,,,,,,,,, NO CIRCUITO DE AVENTURA DO SERINGAL CACHOEIRA.,NÃO FINALIZADO,36000,0,,,,, Serviços ,,,,,,,,,,,,,,
,,,,,,,,,,,,,,,,,,,NÃO FINALIZADO,22000,0,,,,, Serviços ,,Prorrogado,,,,,,,,,,,,,
,,,,,,,,,,,,,,,,,,,99578,41,,,,, Aquisição , Permanente ,Suspenso pedido de esclarecimento/Reaberto/Suspenso,,,,,,,,,,,,,,
,,,,,,,,,,,,,,,,,,,580386,0,,,,, Aquisição , Consumo ,,,,,,,,,,,,,,,
,,,,,,,,,,,,,,,,,,,,,,52000,0,, Aquisição , Consumo ,,,,,,,,,,,,,,,
,,,,,,,,,,,,,,,,,,, PARA REPOSIÇÃO DOS PNEUMÁTICOS DOS VEÍCULOS PERTENCENTES A FROTA DA SEFAZ.,NÃO FINALIZADO,55600,0,,,,, Aquisição , Consumo ,,,,,,,,,,,,,
,,,,,,,,,,,,,,,,,,,NÃO FINALIZADO,983033,60,,,,, Aquisição , Permanente ,Suspenso pedido de esclarecimento/Reabertura/Suspenso/Reabertura,,,,,,,,,,,,,
,,,,,,,,,,,,,,,,,,,,,,118196,40,, Aquisição , Permanente ,,,,,,,,,,,,,,,
,,,,,,,,,,,,,,,,,,,NÃO FINALIZADO,160020,0,,,,, Serviços ,,,o,,,,,,,,,,,,
,,,,,,,,,,,,,,,,,,,NÃO FINALIZADO,25823,40,,,,, Aquisição , Consumo ,,,,,,,,,,,,,,
,,,,,,,,,,,,,,,,,,, NO MUNICÍPIO DE PLÁCIDO DE CASTRO.,NÃO FINALIZADO,59849,64,,,,, Aquisição , Consumo ,,,,,,,,,,,,,
,,,,,,,,,,,,,,,,,,, NO MUNICÍPIO DE ACRELÂNDIA.,NÃO FINALIZADO,275500,0,,,,, Aquisição , Consumo ,,,,,,,,,,,,,
,,,,,,,,,,,,,,,,,,,NÃO FINALIZADO,32409,36,,,,, Aquisição , Consumo ,Prorrogação/Desconsideração,,,,,,,,,,,,,
,,,,,,,,,,,,,,,,,,, VISANDO O ADEQUADO FUNCIONAMENTO DA ESTRUTURA ADMINISTRATIVA E TÉCNICA.,CANCELADO,,,,5006558,52,, Tercerizado ,,Cancelado pelo of. 19-14-0022741,,,,,,,,,,,,
,,,,,,,,,,,,,,,,,,, DETERMINAÇÃO DE HEMOGRAMA E REALIZAÇÃO DE COAGULOGRAMA E SEUS DERIVADOS, PARA ATENDER  AS NECESSIDADES DAS UNIDADES DE SAÚDE DO ESTADO DO ACRE.,NÃO FINALIZADO,2540547,0,,,,, Aquisição , Consumo ,Suspenso pedido de esclarecimento/Reabertura,,,,,,,,,,,
,,,,,,,,,,,,,,,,,,,171984,59,,,,, Aquisição , Consumo ,,,,,,,,,,,,,,,
,,,,,,,,,,,,,,,,,,, NA REALIZAÇÃO DE ATIVIDADES ESPORTIVAS E RECREATIVAS DOS PROGRAMAS E PROJETOS DESENVOLVIDOS PELO DEPTO DE ESPORTE NOS MUNICÍPIOS DO ESTADO DO ACRE.,NÃO FINALIZADO,374888,0,,,,, Aquisição , Consumo ,Suspenso pedido de esclarecimento/Reabertura com retificação,,,,,,,,,,,,
,,,,,,,,,,,,,,,,,,, NOS MUNICÍPIOS DE CRUZEIRO DO SUL E MARECHAL THAUMATURGO.,NÃO FINALIZADO,2352157,68,,,,, Aquisição , Consumo ,,,,,,,,,,,,,
,,,,,,,,,,,,,,,,,,,FINALIZADO,666952,0,666952,0,666952,0,,, Serviços ,,Suspenso a pedido do órgão/Reabertura com retificação.,,,,,,,,,,,
,,,,,,,,,,,,,,,,,,, NO MUNICÍPIO DE RIO BRANCO.,NÃO FINALIZADO,607906,0,,,,, Serviços ,,,,,,,,,,,,,,
,,,,,,,,,,,,,,,,,,, COM OBJETIVO DE GARANTIR O ACESSO E PERMANÊNCIA DOS ESTUDANTES NAS ESCOLAS, RESIDENTES EM ÁREAS RURAIS, NO MUNICÍPIO DE BRASILÉIA.,NÃO FINALIZADO,43512,0,,,,, Serviços ,,,,,,,,,,,,
,,,,,,,,,,,,,,,,,,, COM OBJETIVO DE GARANTIR O ACESSO E PERMANÊNCIA DOS ESTUDANTES NAS ESCOLAS, RESIDENTES EM ÁREAS RURAIS, NO MUNICÍPIO DE EPITACIOLÂNDIA.,NÃO FINALIZADO,95576,0,,,,, Serviços ,,,,,,,,,,,,
,,,,,,,,,,,,,,,,,,, COM OBJETIVO DE GARANTIR O ACESSO E PERMANÊNCIA DOS ESTUDANTES NAS ESCOLAS, RESIDENTES EM ÁREAS RURAIS, NO MUNICÍPIO DE PORTO WALTER.,NÃO FINALIZADO,188440,0,,,,, Serviços ,,,,,,,,,,,,
,,,,,,,,,,,,,,,,,,, COM OBJETIVO DE GARANTIR O ACESSO E PERMANÊNCIA DOS ESTUDANTES NAS ESCOLAS, RESIDENTES EM ÁREAS RURAIS, NO MUNICÍPIO DE XAPURI.,CANCELADO,290688,0,,,,, Serviços ,,Cancelado a pedido do órgão, através do Oficio 360/2014, de 07 de março de 2014.,,,,,,,,
,,,,,,,,,,,,,,,,,,, CÓPIAS, CONSERTO DE FECHADURA E REPOSIÇÃO DE FECHADURA EM GERAL, TROCA DE SEGREDO, ENCADERNAÇÃO, PLASTIFICAÇÃO, PLOTAGEM E REVELAÇÃO DIGITAL, DESTINADOS A ATENDER AS NECESSIDADES DAS DELEGACIAS, POSTOS POLICIAIS E DEMAIS SETORES DA POLÍCIA CIVIL, NA REGIONAL DO JURUÁ.,NÃO FINALIZADO,69590,0,,,,, Serviços ,,,,,,
,,,,,,,,,,,,,,,,,,, COM OBJETIVO DE GARANTIR O ACESSO E PERMANÊNCIA DOS ESTUDANTES NAS ESCOLAS, RESIDENTES EM ÁREAS RURAIS, NO MUNICÍPIO DE BUJARI.,NÃO FINALIZADO,310264,0,,,,, Serviços ,,,,,,,,,,,,
,,,,,,,,,,,,,,,,,,, COM OBJETIVO DE GARANTIR O ACESSO E PERMANÊNCIA DOS ESTUDANTES NAS ESCOLAS, RESIDENTES EM ÁREAS RURAIS, NO MUNICÍPIO DE SENA MADUREIRA.,NÃO FINALIZADO,217720,0,,,,, Serviços ,,,,,,,,,,,,
,,,,,,,,,,,,,,,,,,,248489,67,,,,, Aquisição , Consumo ,,,,,,,,,,,,,,,
,,,,,,,,,,,,,,,,,,,NÃO FINALIZADO,117125,63,,,,, Aquisição , Permanente ,,,,,,,,,,,,,,
,,,,,,,,,,,,,,,,,,,NÃO FINALIZADO,72761,76,,,,, Aquisição , Consumo ,,,,,,,,,,,,,,
,,,,,,,,,,,,,,,,,,, NA REALIZAÇÃO DE ATIVIDADES ESPORTIVAS E RECREATIVAS DOS PROGRAMAS E PROJETOS DESENVOLVIDOS PELO DEPARTAMENTO DE ESPORTE NOS MUNICÍPIOS DO ESTADO DO ACRE.,NÃO FINALIZADO,152900,0,,,,, Aquisição , Consumo ,,,,,,,,,,,,,
,,,,,,,,,,,,,,,,,,, DESTINADOS A ATENDER AS NECESSIDADES DA SEE, NA REALIZAÇÃO DE ATIVIDADES ESPORTIVAS E RECREATIVAS DOS PROGRAMAS E PROJETOS DESENVOLVIDOS PELO DEPTO ESPORTE, NO MUNICÍPIO DE RIO BRANCO.,FINALIZADO,442500,0,442500,0,412500,0,,, Serviços ,,,,,,,,,,
,,,,,,,,,,,,,,,,,,,13540,0,,,,, Serviços ,,,,,,,,,,,,,,,,
,,,,,,,,,,,,,,,,,,,4662500,0,,,,, Aquisição , Consumo ,Prorrogado a pedido do Órgão,,,,,,,,,,,,,,
,,,,,,,,,,,,,,,,,,,NÃO FINALIZADO,62700,0,,,,, Serviços ,,,,,,,,,,,,,,,
,,,,,,,,,,,,,,,,,,, REALIZAÇÃO DE ATIVIDADES ESPORTIVAS E RECREATIVA.,NÃO FINALIZADO,75090,0,,,,, Serviços ,,,,,,,,,,,,,,
,,,,,,,,,,,,,,,,,,,,,,2625000,0,, Serviços ,,,,,,,,,,,,,,,,
,,,,,,,,,,,,,,,,,,, REALIZAÇÃO DE ATIVIDADES ESPORTIVAS E RECREATIVA, NOS MUNICÍPIOS DA REGIONAL DO ALTO ACRE.,NÃO FINALIZADO,62700,0,,,,, Serviços ,,,,,,,,,,,,,
,,,,,,,,,,,,,,,,,,, NA REALIZAÇÃO DE ATIVIDADES ESPORTIVAS E RECREATIVAS DOS PROGRAMAS E PROJETOS DESENVOLVIDO NOS MUNICÍPIOS DO ESTADO DO ACRE.,NÃO FINALIZADO,239754,0,,,,, Aquisição , Consumo ,,,,,,,,,,,,,
,,,,,,,,,,,,,,,,,,, VAN E MOTOCICLETAS) OFICIAIS QUE COMPÕEM E AQUELES QUE VENHAM COMPOR A FROTA OFICIAL DO IDAF.,NÃO FINALIZADO,13050,0,,,,, Serviços ,,,,,,,,,,,,,,
,,,,,,,,,,,,,,,,,,, DESTINADO AO PROJETO BIBLIOTECA ITINERANTE - VARADOURO DA LEITURA.,NÃO FINALIZADO,9708,58,,,,, Aquisição , Permanente ,,,,,,,,,,,,,
,,,,,,,,,,,,,,,,,,,NÃO FINALIZADO,9430,0,,,,, Aquisição , Consumo ,,,,,,,,,,,,,,
,,,,,,,,,,,,,,,,,,,NÃO FINALIZADO,10552,36,,,,, Aquisição , Permanente ,,,,,,,,,,,,,,
,,,,,,,,,,,,,,,,,,,NÃO FINALIZADO,12350,34,,,,, Aquisição , Permanente ,,,,,,,,,,,,,,
,,,,,,,,,,,,,,,,,,,NÃO FINALIZADO,10955,67,,,,, Aquisição , Permanente ,,,,,,,,,,,,,,
,,,,,,,,,,,,,,,,,,,23745,0,,,,, Serviços ,,,,,,,,,,,,,,,,
,,,,,,,,,,,,,,,,,,,12501,38,,,,, Aquisição , Consumo ,,,,,,,,,,,,,,,
,,,,,,,,,,,,,,,,,,,19987,62,,,,, Aquisição , Consumo ,Retificação horário,,,,,,,,,,,,,,
,,,,,,,,,,,,,,,,,,,30216,69,,,,, Serviços ,,,,,,,,,,,,,,,,
,,,,,,,,,,,,,,,,,,, BAIXO ACRE E PURUS.,NÃO FINALIZADO,48029,12,,,,, Aquisição , Consumo ,Prorrogação c/ retificação,,,,,,,,,,,,
,,,,,,,,,,,,,,,,,,,FINALIZADO,44250,0,44250,0,43750,0,,, Aquisição , Consumo ,,,,,,,,,,,,
,,,,,,,,,,,,,,,,,,,NÃO FINALIZADO,10971,2,,,,, Aquisição , Consumo ,,,,,,,,,,,,,,
,,,,,,,,,,,,,,,,,,,NÃO FINALIZADO,13847,94,,,,, Aquisição , Permanente ,,,,,,,,,,,,,,
,,,,,,,,,,,,,,,,,,,498699,0,,,,, Aquisição , Consumo ,Suspenso/Reabertura,,,,,,,,,,,,,,
,,,,,,,,,,,,,,,,,,,1429500,5,,,,, Aquisição , Permanente ,,,,,,,,,,,,,,,
,,,,,,,,,,,,,,,,,,,NÃO FINALIZADO,27211,29,,,,, Aquisição , Permanente ,Suspenso pedido de esclarecimento,,,,,,,,,,,,,
,,,,,,,,,,,,,,,,,,,NÃO FINALIZADO,21873,32,,,,, Aquisição , Consumo ,,,,,,,,,,,,,,
,,,,,,,,,,,,,,,,,,,NÃO FINALIZADO,38424,12,,,,, Aquisição , Consumo ,,,,,,,,,,,,,,
,,,,,,,,,,,,,,,,,,, DESTINADO A ATENDER A DEMANDA DO DERACRE NA REGIONAL GREGÓRIO.,NÃO FINALIZADO,286511,10,,,,, Aquisição , Consumo ,,,,,,,,,,,,,
,,,,,,,,,,,,,,,,,,,,NÃO FINALIZADO,192000,0,,,,, Aquisição , Consumo ,,,,,,,,,,,,,
,,,,,,,,,,,,,,,,,,,160873,80,,,,, Aquisição , Consumo ,,,,,,,,,,,,,,,
,,,,,,,,,,,,,,,,,,,63192,48,,,,, Aquisição , Consumo ,,,,,,,,,,,,,,,
,,,,,,,,,,,,,,,,,,,NÃO FINALIZADO,152684,4,,,,, Aquisição , Consumo ,,,,,,,,,,,,,,
,,,,,,,,,,,,,,,,,,, NA VILA CAMPINAS, MUNICÍPIO DE PLÁCIDO DE CASTRO.,NÃO FINALIZADO,19441,68,,,,, Aquisição , Consumo ,,,,,,,,,,,,
,,,,,,,,,,,,,,,,,,,29440,32,,,,, Aquisição , Consumo ,,,,,,,,,,,,,,,
,,,,,,,,,,,,,,,,,,, RODRIGUES ALVES, PORTO WALTER.,NÃO FINALIZADO,66270,0,,,,, Aquisição , Consumo ,,,,,,,,,,,,
,,,,,,,,,,,,,,,,,,,NÃO FINALIZADO,50988,0,,,,, Aquisição , Consumo ,,,,,,,,,,,,,,
,,,,,,,,,,,,,,,,,,,NÃO FINALIZADO,52000,0,,,,, Aquisição , Consumo ,,,,,,,,,,,,,,
,,,,,,,,,,,,,,,,,,, NO MUNICÍPIO DE CRUZEIDO DO SUL E RIO BRANCO.,NÃO FINALIZADO,73200,0,,,,, Serviços ,,,,,,,,,,,,,,
,,,,,,,,,,,,,,,,,,, RECUPERAÇÃO E CONSTRUÇÃO DE VIAS URBANAS, ESTRADAS VICINAIS/RAMAIS, RODOVIAS, PISTA DE POUSO E DECOLAGEM DE AERÓDROMOS, NAS REGIONAIS PURUS E ENVIRA/TARAUACÁ.,NÃO FINALIZADO,7860000,0,,,,, Aquisição , Consumo ,Prorrogação c/ retificação,,,,,,,,
,,,,,,,,,,,,,,,,,,, BAIXO ACRE E PURUS.,FINALIZADO,165306,59,164306,59,161999,67,,, Aquisição , Consumo ,,,,,,,,,,,
,,,,,,,,,,,,,,,,,,,167801,52,,,,, Aquisição , Consumo ,,,,,,,,,,,,,,,
,,,,,,,,,,,,,,,,,,,253420,64,,,,, Aquisição , Consumo ,,,,,,,,,,,,,,,
,,,,,,,,,,,,,,,,,,,NÃO FINALIZADO,355616,60,,,,, Aquisição , Consumo ,,,,,,,,,,,,,,
,,,,,,,,,,,,,,,,,,,NÃO FINALIZADO,60503,10,,,,, Aquisição , Consumo ,,,,,,,,,,,,,,
,,,,,,,,,,,,,,,,,,,68382,0,,,,, Serviços ,,CPL 02 MUDOU PARA CEL 02/Prorrogado/Suspenso/Reabertura,,,,,,,,,,,,,,
,,,,,,,,,,,,,,,,,,,85914,0,,,,, Serviços ,,,,,,,,,,,,,,,,
,,,,,,,,,,,,,,,,,,,,,,141750,0,, Serviços ,,,,,,,,,,,,,,,,
,,,,,,,,,,,,,,,,,,,NÃO FINALIZADO,793320,0,,,,, Serviços ,,,,,,,,,,,,,,,
,,,,,,,,,,,,,,,,,,,132000,0,,,,, Serviços ,,,,,,,,,,,,,,,,
,,,,,,,,,,,,,,,,,,,90800,0,,,,, Serviços ,,Suspenso pedido de esclarecimento/Reaberto,,,,,,,,,,,,,,
,,,,,,,,,,,,,,,,,,,NÃO FINALIZADO,643500,0,,,,, Serviços ,,Suspenso pedido de esclarecimento,,,,,,,,,,,,,
,,,,,,,,,,,,,,,,,,,1836000,0,,,,, Serviços ,,,,,,,,,,,,,,,,
,,,,,,,,,,,,,,,,,,, TRECHO GREGÓRIO - LIBERDADE.,FINALIZADO,244469,20,244469,20,130000,0,,, Aquisição , Consumo ,,,,,,,,,,,
,,,,,,,,,,,,,,,,,,, PROTETOR DE CÂMARA DE AR, FILTRO DE AR, FILTRO DE ÓLEO E PNEUS), DESTINADOS A ATENDER AS NECESSIDADES DA SEE, NO MUNICIPIO DE RIO BRANCO.,NÃO FINALIZADO,357322,50,,,,, Aquisição , Consumo ,,,,,,,,,
,,,,,,,,,,,,,,,,,,, NA REALIZAÇÃO DE ATIVIDADES ESPORTIVAS E RECREATIVAS DOS PROGRAMAS E PROJETOS DESENVOLVIDOS PELO DEPTO DE ESPORTE DA SEE.N,NÃO FINALIZADO,458040,0,,,,, Serviços ,,Prorrogado,,,,,,,,,,,,
,,,,,,,,,,,,,,,,,,, DESTINADOS A ATENDER DEMANDAS DO DERACRE, NA REGIONAL DO GREGÓRIO.,NÃO FINALIZADO,46068,22,,,,, Serviços ,,,,,,,,,,,,,
,,,,,,,,,,,,,,,,,,, DESENTUPIMENTO, DESOBSTRUÇÃO, DESCUPINIZAÇÃO E DESRATIZAÇÃO, PARA ELIMIZAÇÃO DE INSETOS, VISANDO ATENDER AS NECESSIDADES DAS ESCOLAS  DA REDE ESTADUAL, NOS MUNICÍPIOS DE CRUZEIRO DO SUL E TARAUACÁ.,NÃO FINALIZADO,211970,0,,,,, Serviços ,,,,,,,,,
,,,,,,,,,,,,,,,,,,,NÃO FINALIZADO,53400,0,,,,, Serviços ,,,,,,,,,,,,,,,
,,,,,,,,,,,,,,,,,,,NÃO FINALIZADO,115000,0,,,,, Serviços ,,,,,,,,,,,,,,,
,,,,,,,,,,,,,,,,,,, COM OBJETIVO DE GARANTIR O ACESSO E PERMANÊNCIA DOS ESTUDANTES EM ÁREAS RURAIS NAS ESCOLAS, NO MUNICÍPIO DE XAPURI,CANCELADO,290688,0,,,,, Serviços ,,Cancelado através do Oficio 360/2014, de 07 de março de 2014,,,,,,,,,,
,,,,,,,,,,,,,,,,,,, NA REALIZAÇÃO DE ATIVIDADES ESPORTIVAS E RECREATIVAS NOS PROGRAMAS E PROJETOS DESENVOLVIDOS NOS MUNICÍPIOS DA REGIONAL TARAUACÁ/ENVIRA.,NÃO FINALIZADO,79650,0,,,,, Serviços ,,,,,,,,,,,,,,
,,,,,,,,,,,,,,,,,,, NA REALIZAÇÃO DE ATIVIDADES ESPORTIVAS E RECREATIVAS NOS PROGRAMAS E PROJETOS DESENVOLVIDOS NOS MUNICÍPIOS DA REGIONAL PURUS.,NÃO FINALIZADO,28800,0,,,,, Serviços ,,,,,,,,,,,,,,
,,,,,,,,,,,,,,,,,,, COM OBJETIVO DE GARANTIR O ACESSO E PERMANÊNCIA DOS ESTUDANTES EM ÁREAS RURAIS NAS ESCOLAS, NO MUNICÍPIO DE PLÁCIDO DE CASTRO.,NÃO FINALIZADO,51576,0,,,,, Serviços ,,,,,,,,,,,,,
,,,,,,,,,,,,,,,,,,, A FIM DE ATENDER A UNIDADE DA PM NO MUNICÍPIO DE FEIJÓ.,NÃO FINALIZADO,146952,0,,,,, Aquisição , Consumo ,,,,,,,,,,,,,
,,,,,,,,,,,,,,,,,,, A FIM DE ATENDER A UNIDADE DA PM NO MUNICÍPIO DE TARAUACÁ.,NÃO FINALIZADO,238080,0,,,,, Aquisição , Consumo ,,,,,,,,,,,,,
,,,,,,,,,,,,,,,,,,, NA REGIONAL DO JURUÁ.,NÃO FINALIZADO,76219,41,,,,, Serviços ,,Reabertura,,,,,,,,,,,,
,,,,,,,,,,,,,,,,,,,CANCELADO,,,,4970,33,, Aquisição , Permanente ,Cancelado pelo of. 19-14-0036073,,,,,,,,,,,,,
,,,,,,,,,,,,,,,,,,,NÃO FINALIZADO,30540,0,,,,, Aquisição , Permanente ,,,,,,,,,,,,,,
,,,,,,,,,,,,,,,,,,,30093,75,,,,, Aquisição , Permanente ,,,,,,,,,,,,,,,
,,,,,,,,,,,,,,,,,,,NÃO FINALIZADO,36896,40,,,,, Aquisição , Consumo ,,,,,,,,,,,,,,
,,,,,,,,,,,,,,,,,,,40814,60,18149,60,16950,0,,, Aquisição , Consumo ,,,,,,,,,,,,,
,,,,,,,,,,,,,,,,,,, NO MUNICÍPIO DE RIO BRANCO E INTERIOR DO ESTADO.,NÃO FINALIZADO,21725500,0,,,,, Aquisição , Consumo ,,,,,,,,,,,,,
,,,,,,,,,,,,,,,,,,, PARA ATENDER  AS DEMANDAS DA SESACRE, NO MUNICÍPIO DE XAPURI.,NÃO FINALIZADO,12540,24,,,,, Aquisição , Consumo ,,,,,,,,,,,,
,,,,,,,,,,,,,,,,,,,NÃO FINALIZADO,55230,34,,,,, Aquisição , Consumo ,,,,,,,,,,,,,,
,,,,,,,,,,,,,,,,,,,NÃO FINALIZADO,46254,94,,,,, Aquisição , Consumo ,,,,,,,,,,,,,,
,,,,,,,,,,,,,,,,,,,NÃO FINALIZADO,245217,29,,,,, Aquisição , Consumo ,,,,,,,,,,,,,,
,,,,,,,,,,,,,,,,,,,FINALIZADO,13933,18,13933,18,13399,96,,, Aquisição , Consumo ,,,,,,,,,,,,
,,,,,,,,,,,,,,,,,,, ESTANTES E OUTROS), COM INSTALAÇÃO.,NÃO FINALIZADO,582830,0,,,,, Aquisição , Permanente ,,,,,,,,,,,,
,,,,,,,,,,,,,,,,,,, PARA CONSTRUÇÃO DE VIVEIROS PISCÍCOLAS (AÇUDES), VISANDO REFORÇAR A OPERACIONALIZAÇÃO DAS AÇÕES DA SEAPROF.,NÃO FINALIZADO,1192014,80,,,,, Serviços ,,,,,,,,,,,,,
,,,,,,,,,,,,,,,,,,, HIDRÁULICA, FUNILARIA, PINTURA (CORRETIVA, PREVENTIVA E ESTÉTICA) E CAPOTARIA/TAPEÇARIA, GEOMETRIA/ALINHAMENTO, BALANCEAMENTO E CAMBAGEM, PARA ATENDER AS DEMANDAS DA FROTA DE VEÍCULOS DO IDAF.,NÃO FINALIZADO,79800,0,,,,, Serviços ,,,,,,,,
,,,,,,,,,,,,,,,,,,,NÃO FINALIZADO,94500,0,,,,, Aquisição , Permanente ,,,,,,,,,,,,,,
,,,,,,,,,,,,,,,,,,, DE AR E COMBUSTÍVEL.,NÃO FINALIZADO,117063,34,,,,, Aquisição , Consumo ,,,,,,,,,,,,,
,,,,,,,,,,,,,,,,,,,NÃO FINALIZADO,156094,0,,,,, Serviços ,,Suspensão pedido de esclarecimento/Reabertura,,,,,,,,,,,,,
,,,,,,,,,,,,,,,,,,, PLOTAGENS, SERVIÇOS DE CHAVEIRO, CONFECÇÃO DE CARIMBOS, BANNERS, E CÓPIAS.,FINALIZADO,137163,33,137163,33,38206,80,,, Serviços ,,,,,,,,
,,,,,,,,,,,,,,,,,,,19932,47,,,,, Aquisição , Permanente ,,,,,,,,,,,,,,,
,,,,,,,,,,,,,,,,,,, HIDRÁULICA, FUNILARIA, PINTURA E CAPOTARIA/TAPEÇARIA, INCLUINDO O FORNECIMENTO E TROCA DE PEÇAS E ACESSÓRIOS, NOS VEÍCULOS OFICIAIS PERTENCENTES À FROTA DO DEPASA.,NÃO FINALIZADO,520000,0,,,,, Serviços ,,,,,,,,,,
,,,,,,,,,,,,,,,,,,, PARA VEÍCULOS, MÁQUINAS E EQUIPAMENTOS DE TERRAPLANAGEM DESTE DEPARTAMENTO.,FINALIZADO,412745,0,53500,0,35716,0,,, Serviços ,,,,,,,,,,,
,,,,,,,,,,,,,,,,,,, PAVIMENTAÇÃO, MANUTENÇÃO E RECUPERAÇÃO DE RODOVIAS ESTADUAIS, FEDERAIS, ESTRADAS VICINAIS E VIAS ESTRUTURANTES, NO ENTORNO DO MUNICÍPIO DE RIO BRANCO, DIVIDIDO EM 02 LOTES.,CANCELADO,,,,596000,0,, Aquisição , Consumo ,,,,,,,,
,,,,,,,,,,,,,,,,,,,NÃO FINALIZADO,314002,55,,,,, Serviços ,,,,,,,,,,,,,,,
,,,,,,,,,,,,,,,,,,, QUADRO DE COMANDO, BOMBA CENTRÍFUGA, KITS CONJUNTO GIRANTES E MATERIAIS, DESTINADOS A ATENDER AS NECESSIDADES DAS ESTAÇÕES DE TRATAMENTO DE ÁGUA E ESGOTO DO DEPASA.,NÃO FINALIZADO,1990378,27,,,,, Serviços ,,,,,,,,,,,
,,,,,,,,,,,,,,,,,,,NÃO FINALIZADO,203635,0,,,,, Aquisição , Permanente ,,,,,,,,,,,,,,
,,,,,,,,,,,,,,,,,,,NÃO FINALIZADO,512760,0,,,,, Serviços ,,,,,,,,,,,,,,,
,,,,,,,,,,,,,,,,,,,NÃO FINALIZADO,368315,92,,,,, Aquisição , Permanente ,Prorrogação/Prorrogado,,,,,,,,,,,,,
,,,,,,,,,,,,,,,,,,,NÃO FINALIZADO,21279,48,,,,, Aquisição , Consumo ,,,,,,,,,,,,,,
,,,,,,,,,,,,,,,,,,, NA REGIONAL DO ALTO ACRE.,NÃO FINALIZADO,74725,68,,,,, Aquisição , Consumo ,,,,,,,,,,,,,
,,,,,,,,,,,,,,,,,,,NÃO FINALIZADO,35046,72,,,,, Aquisição , Consumo ,,,,,,,,,,,,,,
,,,,,,,,,,,,,,,,,,,NÃO FINALIZADO,28857,72,,,,, Aquisição , Consumo ,,,,,,,,,,,,,,
,,,,,,,,,,,,,,,,,,, CAPTAÇÃO E DISTRIBUIÇÃO DE ÓRGÃO - FUNDHACRE.,NÃO FINALIZADO,27628,33,,,,, Aquisição , Permanente ,Prorrogado/Prorrogação,,,,,,,,,,,,
,,,,,,,,,,,,,,,,,,,NÃO FINALIZADO,17832,67,,,,, Aquisição , Permanente ,,,,,,,,,,,,,,
,,,,,,,,,,,,,,,,,,,DESERTO,,,,20800,0,, Aquisição , Permanente ,,,,,,,,,,,,,,
,,,,,,,,,,,,,,,,,,,947999,52,,,,, Serviços ,,,,,,,,,,,,,,,,
,,,,,,,,,,,,,,,,,,, A FIM DE ATENDER AS NECESSIDADES, DA SESACRE,NÃO FINALIZADO,681092,25,,,,, Serviços ,,,,,,,,,,,,,
,,,,,,,,,,,,,,,,,,,NÃO FINALIZADO,12133,32,,,,, Aquisição , Permanente ,,,,,,,,,,,,,,
,,,,,,,,,,,,,,,,,,,NÃO FINALIZADO,443399,40,,,,, Serviços ,,,,,,,,,,,,,,,
,,,,,,,,,,,,,,,,,,,NÃO FINALIZADO,35073,7,,,,, Aquisição , Consumo ,,,,,,,,,,,,,,
,,,,,,,,,,,,,,,,,,,NÃO FINALIZADO,77910,0,,,,, Serviços ,,,,,,,,,,,,,,,
,,,,,,,,,,,,,,,,,,, REMANEJAMENTO, INSTALAÇÃO E CONSERTO DE EQUIPAMENTOS DIVERSOS (TELEFONES, RAMAIS, PABX E OUTROS), DESTINADOS A ATENDER A SEE, E SEUS ANEXOS E ESCOLAS DA REDE ESTADUAL DE ENSINO, NOS MUNICÍPIOS DAS REGIONAIS DO ALTO E BAIXO ACRE E PURUS.,NÃO FINALIZADO,44650,0,,,,, Serviços ,,,,,,,,
,,,,,,,,,,,,,,,,,,,NÃO FINALIZADO,470987,51,,,,, Aquisição , Permanente ,,,,,,,,,,,,,,
,,,,,,,,,,,,,,,,,,,NÃO FINALIZADO,41400,0,,,,, Serviços ,,,,,,,,,,,,,,,
,,,,,,,,,,,,,,,,,,, PARA MUNICÍPIO DE RIO BRANCO.,FINALIZADO,2362000,0,2362000,0,2342631,60,,, Aquisição , Consumo ,,,,,,,,,,,
,,,,,,,,,,,,,,,,,,, PABX E OUTROS), DESTINADOS A ATENDER AS NECESSIDADES DA SEE, NOS PRÉDIOS ANEXOS E NAS UNIDADES ESCOLARES, NOS MUNICÍPIOS DAS REGIONAIS DO ALTO ACRE, BAIXO ACRE E PURUS.,NÃO FINALIZADO,79557,0,,,,, Aquisição , Consumo ,,,,,,,,,
,,,,,,,,,,,,,,,,,,, CORRETIVA E REPOSIÇÃO DE PEÇAS, PARA CONDICIONADORES DE AR, DESTINADOS A ATENDER AS NECESSIDADES DA SEE, NO MUNICÍPIO DE RIO BRANCO.,NÃO FINALIZADO,422314,0,,,,, Serviços ,,Suspenso pedido de esclarecimento,,,,,,,,,
,,,,,,,,,,,,,,,,,,,791018,80,,,,, Aquisição , Consumo ,,,,,,,,,,,,,,,
,,,,,,,,,,,,,,,,,,,FINALIZADO,13382,70,13382,70,13382,70,,, Aquisição , Consumo ,,,,,,,,,,,,
,,,,,,,,,,,,,,,,,,,105924,0,,,,, Aquisição , Permanente ,,,,,,,,,,,,,,,
,,,,,,,,,,,,,,,,,,, NO MUNICÍPIO DE CRUZEIRO DO SUL.,NÃO FINALIZADO,78840,0,,,,, Serviços ,,,,,,,,,,,,,,
,,,,,,,,,,,,,,,,,,, NO MUNICÍPIO DE PORTO WALTER.,NÃO FINALIZADO,12000,0,,,,, Serviços ,,,,,,,,,,,,,,
,,,,,,,,,,,,,,,,,,,107239,75,87027,0,85860,0,,, Aquisição , Permanente ,Prorrogação c/ retificação,,,,,,,,,,,,
,,,,,,,,,,,,,,,,,,,92440,0,,,,, Aquisição , Permanente ,Prorrogação,,,,,,,,,,,,,,
,,,,,,,,,,,,,,,,,,, ESTANTES E OUTROS), COM INSTALAÇÃO.,NÃO FINALIZADO,94786,51,,,,, Aquisição , Consumo ,,,,,,,,,,,,
,,,,,,,,,,,,,,,,,,, CONSERTO, MONTAGEM E RODIZIO DE PNEUS PARA VEÍCULOS DA FROTA DA PMAC,NÃO FINALIZADO,105500,0,,,,, Serviços ,,,,,,,,,,,,,
,,,,,,,,,,,,,,,,,,,128724,42,,,,, Aquisição , Consumo ,,,,,,,,,,,,,,,
,,,,,,,,,,,,,,,,,,,72510,0,,,,, Aquisição , Permanente ,,,,,,,,,,,,,,,
,,,,,,,,,,,,,,,,,,, MANUTENÇÃO E RECUPERAÇÃO DE RODOVIAS ESTADUAIS E FEDERAIS, ESTRADAS VICINAIS E VIAS URBANAS NA REGIONAL DO GREGÓRIO/LIBERDADE E JURUÁ.,FINALIZADO,14300055,84,14300055,84,9982919,88,,, Serviços ,,Prorrogado,,,,,,,,,
,,,,,,,,,,,,,,,,,,,256000,0,,,,, Aquisição , Permanente ,,,,,,,,,,,,,,,
,,,,,,,,,,,,,,,,,,, MARCAÇÃO/REMARCAÇÃO DE BILHETES EM TRECHOS INTERMUNICIPAL, INTERESTADUAL E INTERNACIONAL.,NÃO FINALIZADO,200000,8,,,,, Serviços ,,,,,,,,,,,,,
,,,,,,,,,,,,,,,,,,, EM RODOVIAS E ESTRADAS VICINAIS A CARGO DO DERACRE.,CANCELADO,,,,108114,0,, Aquisição , Consumo ,,,,,,,,,,,,,
,,,,,,,,,,,,,,,,,,,101172,0,,,,, Aquisição , Consumo ,,,,,,,,,,,,,,,
,,,,,,,,,,,,,,,,,,,NÃO FINALIZADO,166680,0,,,,, Aquisição , Consumo ,,,,,,,,,,,,,,
,,,,,,,,,,,,,,,,,,,20024,55,,,,, Serviços ,,,,,,,,,,,,,,,,
,,,,,,,,,,,,,,,,,,, EMISSÃO E MARCAÇÃO DE BILHETES EM VÔOS NACIONAIS E INTERNACIONAIS.,NÃO FINALIZADO,90000,0,,,,, Serviços ,,Suspender pedido de esclarecimento/Reabertura/Prorrogação,,,,,,,,,,,,
,,,,,,,,,,,,,,,,,,,NÃO FINALIZADO,213860,27,,,,, Serviços ,,,,,,,,,,,,,,,
,,,,,,,,,,,,,,,,,,,NÃO FINALIZADO,93448,33,,,,, Serviços ,,Suspenso pedido de esclarecimento/Reabertura/Prorrogação,,,,,,,,,,,,,
,,,,,,,,,,,,,,,,,,,,,,136170,0,, Aquisição , Consumo ,,,,,,,,,,,,,,,
,,,,,,,,,,,,,,,,,,,444000,0,,,,, Serviços ,,A pedido do órgão Of. 359/14.,,,,,,,,,,,,,,
,,,,,,,,,,,,,,,,,,, APARELHO TELEFÔNICO, APARELHO DE FAX, CALCULADORA, FRIGOBAR E QUADRO BRANCO EM CORTIÇA, DESTINADOS A ATENDER O DEPASA.,NÃO FINALIZADO,136360,80,,,,, Aquisição , Permanente ,,,,,,,,,
,,,,,,,,,,,,,,,,,,, BEM COMO QUALQUER TAREFA ASSOCIADA AO TRANSPORTE AÉREO.,NÃO FINALIZADO,345399,70,,,,, Serviços ,,Suspenso pedido pregoeiro/Reabertura/Prorrogação,,,,,,,,,,,,
,,,,,,,,,,,,,,,,,,, COMO FORMA DE QUALIFICAÇÃO DOS LEITOS GAR, LEITOS E UCI NEONATAL E LEITOS UTI NEONATAL TIPO OO.,NÃO FINALIZADO,64571,60,,,,, Aquisição , Consumo ,,,,,,,,,,,,
,,,,,,,,,,,,,,,,,,,NÃO FINALIZADO,954320,0,,,,, Aquisição , Consumo ,,,,,,,,,,,,,,
,,,,,,,,,,,,,,,,,,, PASSEIO, UTILITÁRIO, MICRO-ÔNIBUS, ÔNIBUS, CAMINHÃO E ÂMBULÂNCIA, A FIM DE ATENDER A DEMANDA DE VEÍCULOS OFICIAIS DA SESACRE.,NÃO FINALIZADO,236920,30,,,,, Aquisição , Consumo ,Prorrogação,,,,,,,
,,,,,,,,,,,,,,,,,,, PALETEIRA, CARRINHO DE ARMAZÉM E CAMA FAWLER E CARRO PARA TRANSPORTE DE ALIMENTAÇÃO.,NÃO FINALIZADO,43150,12,,,,, Aquisição , Permanente ,Prorrogação,,,,,,,,,,,
,,,,,,,,,,,,,,,,,,,1075000,0,,,,, Aquisição , Consumo ,,,,,,,,,,,,,,,
,,,,,,,,,,,,,,,,,,, MARCAÇÃO/REMARCAÇÃO DE BILHETES EM TRECHOS INTERMUNICIPAL, INTERESTADUAL E INTERNACIONAL.,NÃO FINALIZADO,200000,0,,,,, Serviços ,,Suspenso pedido de esclarecimento/Reabertura,,,,,,,,,,,
,,,,,,,,,,,,,,,,,,,9661650,0,,,,, Serviços ,,Suspenso pedido de esclarecimento/Reabertura,,,,,,,,,,,,,,
,,,,,,,,,,,,,,,,,,,NÃO FINALIZADO,368828,0,,,,, Serviços ,,,,,,,,,,,,,,,
,,,,,,,,,,,,,,,,,,,8800,0,,,,, Serviços ,,,,,,,,,,,,,,,,
,,,,,,,,,,,,,,,,,,,1438000,0,,,,, Serviços ,,,,,,,,,,,,,,,,
,,,,,,,,,,,,,,,,,,,36400,0,,,,, Serviços ,,,,,,,,,,,,,,,,
,,,,,,,,,,,,,,,,,,,NÃO FINALIZADO,706834,0,,,,, Serviços ,,,,,,,,,,,,,,,
,,,,,,,,,,,,,,,,,,,212400,0,,,,, Serviços ,,,,,,,,,,,,,,,,
,,,,,,,,,,,,,,,,,,,1338940,80,,,,, Serviços ,,,,,,,,,,,,,,,,
,,,,,,,,,,,,,,,,,,,865498,56,,,,, Serviços ,,,,,,,,,,,,,,,,
,,,,,,,,,,,,,,,,,,,181780,0,,,,, Aquisição , Consumo ,,,,,,,,,,,,,,,
,,,,,,,,,,,,,,,,,,, PESSOA FISICA  OU  JURIDICA, NO MUNICIPIO DE PORTO ACRE/AC.,NÃO FINALIZADO,37200,0,,,,, Serviços ,,,,,,,,,,,,,
,,,,,,,,,,,,,,,,,,,207002,0,,,,, Serviços ,,,,,,,,,,,,,,,,
,,,,,,,,,,,,,,,,,,,NÃO FINALIZADO,35460,0,,,,, Aquisição , Consumo ,,,,,,,,,,,,,,
,,,,,,,,,,,,,,,,,,, RODRIGUES ALVES, MÂNCIO LIMA, PORTO WALTER E MARECHAL THAUMATURGO).,NÃO FINALIZADO,20363,2,,,,, Aquisição , Consumo ,,,,,,,,,,,
,,,,,,,,,,,,,,,,,,, RECUPERAÇÃO DE ESTRADAS VICINAIS NA REGIONAL DO JURUÁ (CRUZEIRO DO SUL, RODRIGUES ALVES, MÂNCIO LIMA, PORTO WALTER E MARECHAL THAUMATURGO).,NÃO FINALIZADO,37286,3,,,,, Aquisição , Consumo ,,,,,,,,,,
,,,,,,,,,,,,,,,,,,, RECUPERAÇÃO DE ESTRADAS VICINAIS NA REGIONAL DO JURUÁ (CRUZEIRO DO SUL, RODRIGUES ALVES, MÂNCIO LIMA, PORTO WALTER E MARECHAL THAUMATURGO).,NÃO FINALIZADO,46915,40,,,,, Aquisição , Consumo ,,,,,,,,,,
,,,,,,,,,,,,,,,,,,, RECUPERAÇÃO DE ESTRADAS VICINAIS NA REGIONAL DO JURUÁ (CRUZEIRO DO SUL, RODRIGUES ALVES, MÂNCIO LIMA, PORTO WALTER E MARECHAL THAUMATURGO).,NÃO FINALIZADO,155983,65,,,,, Aquisição , Consumo ,,,,,,,,,,
,,,,,,,,,,,,,,,,,,, RECUPERAÇÃO DE ESTRADAS VICINAIS NA REGIONAL JURUÁ (CRUZEIRO DO SUL, RODRIGUES ALVES, MÂNCIO LIMA, PORTO WALTER E MARECHAL THAUMATURGO).,NÃO FINALIZADO,165149,0,,,,, Aquisição , Consumo ,,,,,,,,,,
,,,,,,,,,,,,,,,,,,,173400,0,,,,, Serviços ,,,,,,,,,,,,,,,,
,,,,,,,,,,,,,,,,,,, MANUTENÇÃO E RECUPERAÇÃO DE VIAS URBANAS E RODOVIAS, NA REGIONAL DO ENVIRA-TARAUCÁ, BEM COMO ATENDER A ,NÃO FINALIZADO,9553488,72,,,,, Serviços ,,,,,,,,,,,,
,,,,,,,,,,,,,,,,,,, BAIXO ACRE E PURUS.,NÃO FINALIZADO,59276,10,,,,, Aquisição , Permanente ,,,,,,,,,,,,,
,,,,,,,,,,,,,,,,,,,72000,0,,,,, Serviços ,,,,,,,,,,,,,,,,
,,,,,,,,,,,,,,,,,,, BEBEDOUROS, FRIGOBAR E FREEZER, COM FORNECIMENTO E SUBSTITUIÇÃO DE PEÇAS, COMPONENTES E ACESSÓRIOS POR OUTROS NOVOS E ORIGINAIS/SIMILARES.,NÃO FINALIZADO,150616,0,,,,, Serviços ,,,,,,,,,,,
,,,,,,,,,,,,,,,,,,, NO MUNICÍPIO DE CRUZEIRO DO SUL,NÃO FINALIZADO,77922,66,,,,, Aquisição , Consumo ,,,,,,,,,,,,,
,,,,,,,,,,,,,,,,,,, NOS MUNICÍPIOS DE ASSIS BRASIL, ACRELÂNDIA, BRASILÉIA/EPITACIOLÂNDIA, CAPIXABA, CRUZEIRO DO SUL, FEIJÓ, MANOEL URBANO, SENA MADUREIRA, PLÁCIDO DE CASTRO, TARAUACÁ, VILA CAMPINAS E XAPURI.,NÃO FINALIZADO,328922,0,,,,, Aquisição , Consumo ,,,
,,,,,,,,,,,,,,,,,,, RASTREAMENTO VEICULAR E ADESIVOS, EM MÁQUINAS, VEÍCULOS E EQUIPAMENTOS DE TERRAPLANAGEM DESTE DEPARTAMENTO, NAS REGIONAIS DO ALTO E BAIXO ACRE.,FINALIZADO,1195415,0,462255,0,406487,26,,, Serviços ,,,,,,,,,
,,,,,,,,,,,,,,,,,,, NO MUNICÍPIO DE RIO BRANCO.,NÃO FINALIZADO,260384,0,,,,, Serviços ,,,,,,,,,,,,,,
,,,,,,,,,,,,,,,,,,,NÃO FINALIZADO,79032,92,,,,, Aquisição , Permanente ,,,,,,,,,,,,,,
,,,,,,,,,,,,,,,,,,, DE MATERIAL GRÁFICO, A FIM DE ATENDER ÀS NECESSIDADES DA SEFAZ.,NÃO FINALIZADO,157500,0,,,,, Serviços ,,,,,,,,,,,,,
,,,,,,,,,,,,,,,,,,,15334,0,,,,, Serviços ,,,,,,,,,,,,,,,,
,,,,,,,,,,,,,,,,,,,NÃO FINALIZADO,12500,0,,,,, Aquisição , Consumo ,,,,,,,,,,,,,,
,,,,,,,,,,,,,,,,,,,NÃO FINALIZADO,65150,0,,,,, Aquisição , Consumo ,,,,,,,,,,,,,,
,,,,,,,,,,,,,,,,,,,NÃO FINALIZADO,8100,0,,,,, Aquisição , Consumo ,,,,,,,,,,,,,,
,,,,,,,,,,,,,,,,,,,NÃO FINALIZADO,104690,0,,,,, Aquisição , Consumo ,,,,,,,,,,,,,,
,,,,,,,,,,,,,,,,,,,NÃO FINALIZADO,49980,0,,,,, Aquisição , Consumo ,,,,,,,,,,,,,,
,,,,,,,,,,,,,,,,,,,NÃO FINALIZADO,66000,0,,,,, Aquisição , Consumo ,,,,,,,,,,,,,,
,,,,,,,,,,,,,,,,,,,1548795,0,,,,, Aquisição , Consumo ,,,,,,,,,,,,,,,
,,,,,,,,,,,,,,,,,,,115520,0,,,,, Aquisição , Consumo ,,,,,,,,,,,,,,,
,,,,,,,,,,,,,,,,,,,54770,0,,,,, Aquisição , Consumo ,,,,,,,,,,,,,,,
,,,,,,,,,,,,,,,,,,,80050,0,,,,, Aquisição , Consumo ,,,,,,,,,,,,,,,
,,,,,,,,,,,,,,,,,,,152218,56,,,,, Aquisição , Consumo ,,,,,,,,,,,,,,,
,,,,,,,,,,,,,,,,,,,109820,0,,,,, Aquisição , Consumo ,,,,,,,,,,,,,,,
,,,,,,,,,,,,,,,,,,,NÃO FINALIZADO,443443,50,,,,, Aquisição , Permanente ,Suspenso pedido de esclarecimento,,,,,,,,,,,,,
,,,,,,,,,,,,,,,,,,,59925,60,,,,, Aquisição , Consumo ,,,,,,,,,,,,,,,
,,,,,,,,,,,,,,,,,,,NÃO FINALIZADO,39600,0,,,,, Serviços ,,,,,,,,,,,,,,,
,,,,,,,,,,,,,,,,,,,NÃO FINALIZADO,133400,0,,,,, Aquisição , Consumo ,,,,,,,,,,,,,,
,,,,,,,,,,,,,,,,,,,,,,10770,36,, Aquisição , Consumo ,,,,,,,,,,,,,,,
,,,,,,,,,,,,,,,,,,, VASILHAME PARA ÁGUA DE 20 LITROS E BOTIJA DE GÁS.,NÃO FINALIZADO,174065,60,,,,, Aquisição , Consumo ,,,,,,,,,,,,,
,,,,,,,,,,,,,,,,,,, CONSUMO E FERRAGENS.,NÃO FINALIZADO,139459,30,,,,, Aquisição , Consumo ,Suspenso pedido de esclarecimento/Reabertura,,,,,,,,,,,,
,,,,,,,,,,,,,,,,,,,NÃO FINALIZADO,458242,91,,,,, Aquisição , Consumo ,,,,,,,,,,,,,,
,,,,,,,,,,,,,,,,,,,102868,38,,,,, Aquisição , Consumo ,,,,,,,,,,,,,,,
,,,,,,,,,,,,,,,,,,,38777,24,,,,, Aquisição , Permanente ,,,,,,,,,,,,,,,
,,,,,,,,,,,,,,,,,,,717099,70,   ,,,, Aquisição , Permanente ,,,,,,,,,,,,,,,
,,,,,,,,,,,,,,,,,,,45207,1,,,,, Aquisição , Consumo ,Suspenso pedido de esclarecimento/Reabertura,,,,,,,,,,,,,,
,,,,,,,,,,,,,,,,,,,8081,15,,,,, Aquisição , Consumo ,Suspenso pedido de esclarecimento,,,,,,,,,,,,,,
,,,,,,,,,,,,,,,,,,,90000,0,,,,, Aquisição , Consumo ,,,,,,,,,,,,,,,
,,,,,,,,,,,,,,,,,,,177375,0,,,,, Aquisição , Consumo ,,,,,,,,,,,,,,,
,,,,,,,,,,,,,,,,,,,96160,0,,,,, Aquisição , Consumo ,,,,,,,,,,,,,,,
,,,,,,,,,,,,,,,,,,, DIESEL S-10).,NÃO FINALIZADO,652260,0,,,,, Aquisição , Consumo ,Prorrogação,,,,,,,,,,,,
,,,,,,,,,,,,,,,,,,, PARA  BEBEDOUROS, FILTROS INDUSTRIAIS, FOGÃOS E FREEZES E GELADEIRAS.,NÃO FINALIZADO,30652,0,,,,, Serviços ,,,,,,,,,,,,
,,,,,,,,,,,,,,,,,,,391025,0,                                     ,,,, Aquisição , Consumo ,,,,,,,,,,,,,,,
,,,,,,,,,,,,,,,,,,,176862,50,,,,, Aquisição , Permanente ,,,,,,,,,,,,,,,
,,,,,,,,,,,,,,,,,,,317312,0,,,,, Aquisição , Permanente ,Prorrogação c/ retificação,,,,,,,,,,,,,,
,,,,,,,,,,,,,,,,,,,1920000,0,1920000,0,1824000,0,,, Serviços ,,,,,,,,,,,,,,
,,,,,,,,,,,,,,,,,,,1176700,52,,,,, Aquisição , Consumo ,Suspenso pedido de esclarecimento/Reabertura,,,,,,,,,,,,,,
,,,,,,,,,,,,,,,,,,,309578,0,,,,, Aquisição , Consumo ,,,,,,,,,,,,,,,
,,,,,,,,,,,,,,,,,,,6044,50,,,,, Aquisição , Consumo ,,,,,,,,,,,,,,,
,,,,,,,,,,,,,,,,,,,68936,64,,,,, Aquisição , Consumo ,Suspenso a pedido do Órgão/Reabertura,,,,,,,,,,,,,,
,,,,,,,,,,,,,,,,,,,14610,0,,,,, Serviços ,,,,,,,,,,,,,,,,
,,,,,,,,,,,,,,,,,,, DA CIDADE DO POVO.,NÃO FINALIZADO,154122,12,,,,, Aquisição , Permanente ,Suspenso pedido de esclarecimento/Reabertura,,,,,,,,,,,,
,,,,,,,,,,,,,,,,,,, ELETROELETRÔNICOS E ELETRODOMÉSTICOS, PARA ATENDER AS NECESSIDADES DA UNIDADE DE PRONTO ATENDIMENTO (UPA), PORTE III, DA BAIXADA DA SOBRAL,NÃO FINALIZADO,483325,79,,,,, Aquisição , Permanente ,Suspenso pedido de esclarecimento/Reabertura,,,,,,,,,
,,,,,,,,,,,,,,,,,,,813480,0,,,,, Serviços ,,,,,,,,,,,,,,,,
,,,,,,,,,,,,,,,,,,,26730,0,,,,, Serviços ,,Prorrogação,,,,,,,,,,,,,,
,,,,,,,,,,,,,,,,,,,24000,0,,,,, Serviços ,,,,,,,,,,,,,,,,
,,,,,,,,,,,,,,,,,,,,,,2625000,0,, Serviços ,,,,,,,,,,,,,,,,
,,,,,,,,,,,,,,,,,,,FINALIZADO,70000,0,70000,0,35000,0,,, Aquisição , Consumo ,,,,,,,,,,,,
,,,,,,,,,,,,,,,,,,,911700,0,,,,, Aquisição , Consumo ,Prorrogação,,,,,,,,,,,,,,
,,,,,,,,,,,,,,,,,,,27439,92,,,,, Aquisição , Consumo ,,,,,,,,,,,,,,,
,,,,,,,,,,,,,,,,,,,,,,12000,0,, Serviços ,,Cancelado Of. 109/14,,,,,,,,,,,,,,
,,,,,,,,,,,,,,,,,,,52666,0,,,,, Aquisição , Consumo ,,,,,,,,,,,,,,,
,,,,,,,,,,,,,,,,,,,46080,0,,,,, Serviços ,,,,,,,,,,,,,,,,
,,,,,,,,,,,,,,,,,,, NOS MUNICÍPIOS DA REGIONAL DO ENVIRA/TARAUACÁ.,NÃO FINALIZADO,281280,90,,,,, Serviços ,,,,,,,,,,,,,,
,,,,,,,,,,,,,,,,,,, MANUTENÇÃO E RECUPERAÇÃO DE VIAS URBANAS, ESTRADAS VICINAIS PAVIMENTADAS, RODOVIAS ESTADUAIS E FEDERAIS.,NÃO FINALIZADO,4800000,0,,,,, Aquisição , Consumo ,Prorrogação/Suspenso a pedido do Órgão/Reabertura,,,,,,,,,,
,,,,,,,,,,,,,,,,,,,96390,37,,,,, Aquisição , Consumo ,,,,,,,,,,,,,,,
,,,,,,,,,,,,,,,,,,,1111674,8,,,,, Serviços ,,Suspenso pedido de esclarecimento/Reabertura com retificação,,,,,,,,,,,,,,
,,,,,,,,,,,,,,,,,,,915000,0,,,,, Aquisição , Consumo ,,,,,,,,,,,,,,,
,,,,,,,,,,,,,,,,,,,153863,16,,,,, Aquisição , Consumo ,,,,,,,,,,,,,,,
,,,,,,,,,,,,,,,,,,,86653,33,,,,, Serviços ,,,,,,,,,,,,,,,,
,,,,,,,,,,,,,,,,,,,117391,0,,,,, Aquisição , Consumo ,Prorrogação,,,,,,,,,,,,,,
,,,,,,,,,,,,,,,,,,,NÃO FINALIZADO,2161050,0,,,,, Serviços ,,,,,,,,,,,,,,,
,,,,,,,,,,,,,,,,,,,1399739,67,,,,, Aquisição , Consumo ,,,,,,,,,,,,,,,
,,,,,,,,,,,,,,,,,,,NÃO FINALIZADO,373740,44,,,,, Serviços ,,,,,,,,,,,,,,,
,,,,,,,,,,,,,,,,,,,NÃO FINALIZADO,492597,5,,,,, Aquisição , Consumo ,,,,,,,,,,,,,,
,,,,,,,,,,,,,,,,,,,24183,33,,,,, Aquisição , Consumo ,,,,,,,,,,,,,,,
,,,,,,,,,,,,,,,,,,,669000,0,,,,, Aquisição , Consumo ,,,,,,,,,,,,,,,
,,,,,,,,,,,,,,,,,,,688269,51,,,,, Aquisição , Permanente ,,,,,,,,,,,,,,,
,,,,,,,,,,,,,,,,,,,255006,0,,,,, Aquisição , Permanente ,,,,,,,,,,,,,,,
,,,,,,,,,,,,,,,,,,, NO ÂMBITO DA SESACRE, NA REGIONAL DO VALE DO JURUÁ.,NÃO FINALIZADO,676335,37,,,,, Aquisição , Consumo ,,,,,,,,,,,,
,,,,,,,,,,,,,,,,,,, NO ÂMBITO DA SESACRE, NA REGIONAL DO VALE DO JURUÁ.,NÃO FINALIZADO,281924,35,,,,, Aquisição , Consumo ,,,,,,,,,,,,
,,,,,,,,,,,,,,,,,,, NO ÂMBITO DA SESACRE, NA REGIONAL DO VALE DO JURUÁ.,NÃO FINALIZADO,778438,18,,,,, Aquisição , Consumo ,,,,,,,,,,,,
,,,,,,,,,,,,,,,,,,, NO ÂMBITO DA SESACRE, NA REGIONAL DO VALE DO JURUÁ.,NÃO FINALIZADO,937485,85,,,,, Aquisição , Consumo ,Prorrogação c/ retificação,,,,,,,,,,,
,,,,,,,,,,,,,,,,,,, DIVISÃO DE ENDEMIAS, DEPARTAMENTO DE VIGILÂNCIA DE SAÚDE/DVS E SESACRE.,NÃO FINALIZADO,47784,47,,,,, Aquisição , Consumo ,,,,,,,,,,,,
,,,,,,,,,,,,,,,,,,, CRUZETA EM AÇO CARBONO, PEDREGULHOS E QUADRO DE MANOBRA), DESTINADOS A ATENDER AS NECESSIDADES DA ESTAÇÕES DE TRATAMENTO DE ÁGUA DO DEPASA, NO MUNICÍPIO DE RIO BRANCO E INTERIOR DO ESTADO.,NÃO FINALIZADO,398289,20,,,,, Aquisição , Consumo ,,,,,,,,,,
,,,,,,,,,,,,,,,,,,, DESTINADOS A ATENDER AS NECESSIDADES DAS ESTAÇÕES DE TRATAMENTO DE ÁGUA E ESGOTO DO DEPASA, EM RIO BRANCO.,NÃO FINALIZADO,1349683,41,,,,, Aquisição , Consumo ,Suspenso pedido de esclarecimento/Reabertura,,,,,,,,,,,
,,,,,,,,,,,,,,,,,,, PARA ATENDER AS AÇÕES DO DEPARTAMENTO DE PROGRAMAS COMPLEMENTARES - PROGRAMA DE SAÚDE NA ESCOLA.,NÃO FINALIZADO,59150,0,,,,, Aquisição , Consumo ,,,,,,,,,,,,,
,,,,,,,,,,,,,,,,,,, SERVIÇO DE DESCONEXÃO DAS CARGAS DESCRITAS.N,NÃO FINALIZADO,43701,65,,,,, Aquisição , Permanente ,,,,,,,,,,,,,
,,,,,,,,,,,,,,,,,,, MÂNCIO LIMA E RODRIGUES ALVES.,NÃO FINALIZADO,1534000,0,,,,, Aquisição , Consumo ,,,,,,,,,,,,,
,,,,,,,,,,,,,,,,,,,831500,0,,,,, Serviços ,,Prorrogação,,,,,,,,,,,,,,
,,,,,,,,,,,,,,,,,,,2226000,0,,,,, Serviços ,,,,,,,,,,,,,,,,
,,,,,,,,,,,,,,,,,,,49180,0,,,,, Aquisição , Consumo ,,,,,,,,,,,,,,,
,,,,,,,,,,,,,,,,,,,,,,136170,0,, Aquisição , Consumo ,,,,,,,,,,,,,,,
,,,,,,,,,,,,,,,,,,,53683,33,,,,, Aquisição , Consumo ,,,,,,,,,,,,,,,
,,,,,,,,,,,,,,,,,,,48000,0,,,,, Aquisição , Permanente ,,,,,,,,,,,,,,,
,,,,,,,,,,,,,,,,,,, CRUZEIRO DO SUL, MANOEL URBANO, FEIJÓ E TARAUACÁ/AC 2014.,NÃO FINALIZADO,725500,0,,,,, Serviços ,,,,,,,,,,,,
,,,,,,,,,,,,,,,,,,, COM CONDUTOR, PESSOA FÍSICA  OU JURÍDICA PARA CRUZEIRO DO SUL/AC.,NÃO FINALIZADO,231600,0,,,,, Serviços ,,,,,,,,,,,,,
,,,,,,,,,,,,,,,,,,,37311,25,,,,, Aquisição , Permanente ,Suspenso pedido de esclarecimento/Reabertura,,,,,,,,,,,,,,
,,,,,,,,,,,,,,,,,,,291100,0,,,,, Aquisição , Permanente ,,,,,,,,,,,,,,,
,,,,,,,,,,,,,,,,,,,NÃO FINALIZADO,4634969,45,,,,, Serviços ,,,,,,,,,,,,,,,
,,,,,,,,,,,,,,,,,,,NÃO FINALIZADO,1999423,80,,,,, Serviços ,,,,,,,,,,,,,,,
,,,,,,,,,,,,,,,,,,,129256,98,,,,, Aquisição , Consumo ,,,,,,,,,,,,,,,
,,,,,,,,,,,,,,,,,,,NÃO FINALIZADO,2981618,82,,,,, Serviços , Consumo ,,,,,,,,,,,,,,
,,,,,,,,,,,,,,,,,,,1645400,0,,,,, Aquisição , Consumo ,,,,,,,,,,,,,,,
,,,,,,,,,,,,,,,,,,,10985,10,,,,, Aquisição , Consumo ,,,,,,,,,,,,,,,
,,,,,,,,,,,,,,,,,,, PEÇAS, FERRAMENTAS, EQUIPAMENTOS, MATERIAIS DE CONSUMO E MATERIAIS DE REPOSIÇÃO IMEDIATA.,NÃO FINALIZADO,1081606,73,,,,, Serviços ,,,,,,,,,,,
,,,,,,,,,,,,,,,,,,,NÃO FINALIZADO,298000,0,,,,, Aquisição , Permanente ,Prorrogação,,,,,,,,,,,,,
,,,,,,,,,,,,,,,,,,,NÃO FINALIZADO,9800,0,,,,, Aquisição , Permanente ,Suspenso,,,,,,,,,,,,,
,,,,,,,,,,,,,,,,,,,95371,46,,,,, Aquisição , Permanente ,,,,,,,,,,,,,,,
,,,,,,,,,,,,,,,,,,,234144,0,,,,, Aquisição , Consumo ,,,,,,,,,,,,,,,
,,,,,,,,,,,,,,,,,,,5200788,16,,,,, Aquisição , Consumo ,Suspenso pedido de esclarecimento,,,,,,,,,,,,,,
,,,,,,,,,,,,,,,,,,,187945,10,,,,, Aquisição , Consumo ,,,,,,,,,,,,,,,
,,,,,,,,,,,,,,,,,,,NÃO FINALIZADO,29500,0,,,,, Aquisição , Permanente ,Prorrogação,,,,,,,,,,,,,
,,,,,,,,,,,,,,,,,,, CRUZEIRO DO SUL, MÂNCIO LIMA E RODRIGUES ALVES.,NÃO FINALIZADO,204660,59,,,,, Aquisição , Permanente ,,,,,,,,,,,,
,,,,,,,,,,,,,,,,,,,29506,65,,,,, Aquisição , Consumo ,,,,,,,,,,,,,,,
,,,,,,,,,,,,,,,,,,,,,,73924,50,, Aquisição , Consumo ,Cancelado Of. 574/14,,,,,,,,,,,,,,
,,,,,,,,,,,,,,,,,,,43233,30,,,,, Aquisição , Permanente ,,,,,,,,,,,,,,,
,,,,,,,,,,,,,,,,,,,18399,98,,,,, Aquisição , Permanente ,,,,,,,,,,,,,,,
,,,,,,,,,,,,,,,,,,, DESTINADO A ATENDER AS NECESSIDADES DAS UNIDADES DA SAÚDE.,NÃO FINALIZADO,2129818,60,,,,, Aquisição , Consumo ,Suspenso pedido de esclarecimento,,,,,,,,,,,,
,,,,,,,,,,,,,,,,,,, DOSAGENS BIOQUÍMICAS E HEMOGRAMA COMPLETO EM SANGUE HUMANO, PARA ATENDER O HUERB, INTO/AC, UPA PORTE I E III.,NÃO FINALIZADO,4043743,0,,,,, Aquisição , Consumo ,Suspenso pedido de esclarecimento/Reabertura,,,,,,,,,
,,,,,,,,,,,,,,,,,,,NÃO FINALIZADO,757449,49,,,,, Aquisição , Permanente ,,,,,,,,,,,,,,
,,,,,,,,,,,,,,,,,,,NÃO FINALIZADO,17914,0,,,,, Aquisição , Consumo ,,,,,,,,,,,,,,
,,,,,,,,,,,,,,,,,,, NOS MUNICÍPIOS DE RIO BRANCO, EPITACIOLÂNDIA E CRUZEIRO DO SUL.,NÃO FINALIZADO,352064,70,,,,, Aquisição , Consumo ,Prorrogado/Suspenso/Reaberto,,,,,,,,,,,
,,,,,,,,,,,,,,,,,,, NOS MUNICÍPIOS DE ASSIS BRASIL, ACRELÂNDIA, BRASILÉIA/EPITACIOLÂNDIA, CAPIXABA, CRUZEIRO DO SUL, FEIJÓ, MANOEL URBANO, SENA ,NÃO FINALIZADO,307385,0,,,,, Aquisição , Consumo ,Reedição Pregão SRP N.367/14 itens 1,2,3,6,7 e 8.,
,,,,,,,,,,,,,,,,,,,3000000,0,,,,, Serviços ,,,,,,,,,,,,,,,,
,,,,,,,,,,,,,,,,,,,NÃO FINALIZADO,16701,20,,,,, Aquisição , Permanente ,,,,,,,,,,,,,,
,,,,,,,,,,,,,,,,,,,NÃO FINALIZADO,13903,80,,,,, Aquisição , Permanente ,,,,,,,,,,,,,,
,,,,,,,,,,,,,,,,,,,21374,66,,,,, Aquisição , Consumo ,,,,,,,,,,,,,,,
,,,,,,,,,,,,,,,,,,,NÃO FINALIZADO,85203,3,,,,, Aquisição , Consumo ,,,,,,,,,,,,,,
,,,,,,,,,,,,,,,,,,,NÃO FINALIZADO,88000,32,,,,, Aquisição , Consumo ,,,,,,,,,,,,,,
,,,,,,,,,,,,,,,,,,,NÃO FINALIZADO,457931,0,,,,, Aquisição , Consumo ,,,,,,,,,,,,,,
,,,,,,,,,,,,,,,,,,,61015,51,,,,, Serviços ,,,,,,,,,,,,,,,,
,,,,,,,,,,,,,,,,,,, DESTINADO AO PROJETO BIBLIOTECA ITINERANTE - VARADOURO DA LEITURA.,NÃO FINALIZADO,11177,20,,,,, Aquisição , Permanente ,,,,,,,,,,,,,
,,,,,,,,,,,,,,,,,,,NÃO FINALIZADO,16756,28,,,,, Aquisição , Permanente ,,,,,,,,,,,,,,
,,,,,,,,,,,,,,,,,,,NÃO FINALIZADO,15975,85,,,,, Aquisição , Permanente ,,,,,,,,,,,,,,
,,,,,,,,,,,,,,,,,,,NÃO FINALIZADO,16834,98,,,,, Aquisição , Permanente ,,,,,,,,,,,,,,
,,,,,,,,,,,,,,,,,,,1200563,0,,,,, Tercerizado ,,Prorrogado,,,,,,,,,,,,,,
,,,,,,,,,,,,,,,,,,,NÃO FINALIZADO,49850,0,,,,, Aquisição , Consumo ,,,,,,,,,,,,,,
,,,,,,,,,,,,,,,,,,,NÃO FINALIZADO,34002,0,,,,, Aquisição , Consumo ,,,,,,,,,,,,,,
,,,,,,,,,,,,,,,,,,, INSTALADOS NA PGE.,NÃO FINALIZADO,65870,0,,,,, Serviços ,,,,,,,,,,,,,,
,,,,,,,,,,,,,,,,,,, PARA ATENDER AS NECESSIDADES DA EMATER.,NÃO FINALIZADO,1274821,50,,,,, Serviços ,,,,,,,,,,,,,,
,,,,,,,,,,,,,,,,,,, FILTRO DE ÓLEO, FILTRO COMBUSTÍVEL E FILTRO DE AR, INCLUINDO O SERVIÇO DE TROCA PARA SUPRIR AS NECESSIDADES E O FUNCIONAMENTO DA FROTA DE VEÍCULO.,NÃO FINALIZADO,46533,33,,,,, Aquisição , Consumo ,,,,,,,,,,,
,,,,,,,,,,,,,,,,,,, DE INSTALAÇÃO, DESISNTALAÇÃO E MANUTENÇÃO PREVENTIVA DE APARELHOS CONDICIONADORES DE AR DO TIPO SPLIT, INCLUSIVE CASSETE, E DO TIPO JANELA. PARA SUPRIR AS DEMANDAS NA SECRETARIA DE OBRAS PÚBLICAS SEOP, SECRETARIA DE ESTADO DA CASA CIVIL, NO MEMORIAL DOS AUTONOMISTAS, NA SECRETARIA ADJUNTA DE COMPRAS E LICITAÇÕES, NA PROCURADORIA GERAL DO ESTADO, NA BIBLIOTECA PÚBLICA ESTADUAL, NA BIBLIOTECA DA FLORESTA E NA CONTROLADORIA GERAL DO ESTADO, LOCALIZADOS NO MUNICÍPIO DE RIO BRANCO.,NÃO FINALIZADO,276175,85,,,,, Serviços ,,,,
,,,,,,,,,,,,,,,,,,, DESTINADOS A ATENDER DEMANDAS DO DERACRE NO MUNICÍPIO DE TARAUACÁ.,NÃO FINALIZADO,113514,0,,,,, Serviços ,,,,,,,,,,,,,,
,,,,,,,,,,,,,,,,,,,15569,66,,,,, Aquisição , Consumo ,,,,,,,,,,,,,,,
,,,,,,,,,,,,,,,,,,,NÃO FINALIZADO,16574,25,,,,, Aquisição , Permanente ,,,,,,,,,,,,,,
,,,,,,,,,,,,,,,,,,,NÃO FINALIZADO,1136400,0,,,,, Aquisição , Consumo ,Suspenso pedido de esclarecimento/Reabertura,,,,,,,,,,,,,
,,,,,,,,,,,,,,,,,,, A FIM DE ATENDER AS NECESSIDADES DA SESACRE.,NÃO FINALIZADO,1084833,0,,,,, Serviços ,,Suspenso pedido de esclarecimento,,,,,,,,,,,,
,,,,,,,,,,,,,,,,,,,NÃO FINALIZADO,422118,20,,,,, Serviços , Consumo ,,,,,,,,,,,,,,
,,,,,,,,,,,,,,,,,,,NÃO FINALIZADO,423621,60,,,,, Aquisição , Consumo ,Suspenso pedido de esclarecimento/Reabertura com retificação,,,,,,,,,,,,,
,,,,,,,,,,,,,,,,,,,NÃO FINALIZADO,87498,75,,,,, Serviços ,,,,,,,,,,,,,,,
,,,,,,,,,,,,,,,,,,, MANUTENÇÃO, RECUPERAÇÃO E CONSTRUÇÃO DE RODOVIAS ESTADUAIS E FEDERAIS, ESTRADAS VICINAIS E VIAS URBANAS NA REGIONAL DO JURUÁ.,NÃO FINALIZADO,3352889,52,,,,, Serviços ,,,,,,,,,,,,
,,,,,,,,,,,,,,,,,,,1584000,0,,,,, Aquisição , Permanente ,,,,,,,,,,,,,,,
,,,,,,,,,,,,,,,,,,,NÃO FINALIZADO,200000,0,,,,, Serviços ,,Prorrogação c/ retificação,,,,,,,,,,,,,
,,,,,,,,,,,,,,,,,,,NÃO FINALIZADO,3334050,95,,,,, Aquisição , Permanente ,Prorrogação/Suspenso pedido de esclarecimento/Reabertura,,,,,,,,,,,,,
,,,,,,,,,,,,,,,,,,,NÃO FINALIZADO,1611601,0,,,,, Aquisição , Permanente ,Suspenso pedido de esclarecimento,,,,,,,,,,,,,
,,,,,,,,,,,,,,,,,,,20220,8,,,,, Aquisição , Permanente ,,,,,,,,,,,,,,,
,,,,,,,,,,,,,,,,,,, POR UM PERÍODO PREVISTO DE 12 MESES.,NÃO FINALIZADO,917847,4,,,,, Aquisição , Consumo ,,,,,,,,,,,,,
,,,,,,,,,,,,,,,,,,,,,,8183274,74,, Aquisição , Permanente ,cAncelado Of. 1914-0049443 SESACRE 13/06/14.,,,,,,,,,,,,,,
,,,,,,,,,,,,,,,,,,,7717914,28,,,,, Aquisição , Permanente ,Suspenso a pedido do Órgão/Reabertura/Suspenso pedido de esclarecimento,,,,,,,,,,,,,,
,,,,,,,,,,,,,,,,,,,240848,80,,,,, Aquisição , Consumo ,,,,,,,,,,,,,,,
,,,,,,,,,,,,,,,,,,,NÃO FINALIZADO,169722,0,,,,, Serviços ,,,,,,,,,,,,,,,
,,,,,,,,,,,,,,,,,,, COM CONDUTOR, PARA ATENDER AS DEMANDAS DA COORDENAÇÃO DE EDUCAÇÃO INDÍGENA/SEE, NA EXECUÇÃO DO CURSO PARA FORMAR PROFESSORES INDÍGENAS NOS TERRITÓRIOS ETNO EDUCACIONAIS PACTUADOS.,NÃO FINALIZADO,80800,0,,,,, Serviços ,,,,,,,,,,,,
,,,,,,,,,,,,,,,,,,, COM CONDUTOR, PARA ATENDER AS DEMANDAS DA COORDENAÇÃO DE EDUCAÇÃO INDÍGENA/SEE, NA EXECUÇÃO DO CURSO PARA FORMAR PROFESSORES INDÍGENAS NOS TERRITÓRIOS ETNO EDUCACIONAIS PACTUADOS.,NÃO FINALIZADO,65500,0,,,,, Serviços ,,,,,,,,,,,,
,,,,,,,,,,,,,,,,,,, COM CONDUTOR, PARA ATENDER AS DEMANDAS DA COORDENAÇÃO DE EDUCAÇÃO INDÍGENA/SEE, NA EXECUÇÃO DO CURSO PARA FORMAR PROFESSORES INDÍGENAS NOS TERRITÓRIOS ETNO EDUCACIONAIS PACTUADOS.,NÃO FINALIZADO,66100,0,,,,, Serviços ,,,,,,,,,,,,
,,,,,,,,,,,,,,,,,,,12000,0,,,,, Aquisição , Consumo ,,,,,,,,,,,,,,,
,,,,,,,,,,,,,,,,,,, HOSPITAL GERAL DE FEIJÓ, HOSPITAL DR. ABEL PINHEIRO MACIEL FILHO, HOSPITAL DR. SANSÃO GOMES.,NÃO FINALIZADO,47379,10,,,,, Aquisição , Consumo ,,,,,,,,,,,
,,,,,,,,,,,,,,,,,,,121131,60,,,,, Aquisição , Consumo ,,,,,,,,,,,,,,,
,,,,,,,,,,,,,,,,,,,407460,60,,,,, Aquisição , Consumo ,,,,,,,,,,,,,,,
,,,,,,,,,,,,,,,,,,,NÃO FINALIZADO,194424,48,,,,, Aquisição , Permanente ,,,,,,,,,,,,,,
,,,,,,,,,,,,,,,,,,,45036,20,,,,, Aquisição , Consumo ,,,,,,,,,,,,,,,
,,,,,,,,,,,,,,,,,,, MANUTENÇÃO E RECUPERAÇÃO DE VIAS URBANAS E RODOVIAS, NA REGIONAL DO ENVIRA-TARAUACÁ.,NÃO FINALIZADO,930652,8,,,,, Serviços ,,,,,,,,,,,,,
,,,,,,,,,,,,,,,,,,, ACESSÓRIOS E MÃO-DE-OBRA, PARA ATENDER AS DEMANDAS DA FROTA DE MOTOCICLETAS DA SESACRE.,NÃO FINALIZADO,148000,0,,,,, Serviços ,,,,,,,,,,,,,
,,,,,,,,,,,,,,,,,,, GELADEIRA, FRIGOBAR, VENTILADOR E BEBEDOURO).,NÃO FINALIZADO,18060,0,,,,, Serviços ,,,,,,,,,,,,
,,,,,,,,,,,,,,,,,,,NÃO FINALIZADO,94704,94,,,,, Aquisição , Permanente ,,,,,,,,,,,,,,
,,,,,,,,,,,,,,,,,,,374950,0,,,,, Aquisição , Consumo ,,,,,,,,,,,,,,,
,,,,,,,,,,,,,,,,,,,100888,2,,,,, Aquisição , Consumo ,,,,,,,,,,,,,,,
,,,,,,,,,,,,,,,,,,,1473597,55,,,,, Aquisição , Permanente ,Suspenso pedido de esclarecimento/Reaberto,,,,,,,,,,,,,,
,,,,,,,,,,,,,,,,,,, NO MUNICÍPIO DE PLÁCIDO DE CASTRO.,NÃO FINALIZADO,59727,84,,,,, Aquisição , Consumo ,,,,,,,,,,,,,
,,,,,,,,,,,,,,,,,,, NO MUNICÍPIOS DE SENA MADUREIRA, MANOEL URBANO E SANTA ROSA.,NÃO FINALIZADO,72936,0,,,,, Aquisição , Consumo ,,,,,,,,,,,,
,,,,,,,,,,,,,,,,,,,NÃO FINALIZADO,32044,80,,,,, Aquisição , Consumo ,,,,,,,,,,,,,,
,,,,,,,,,,,,,,,,,,, NO MUNICÍPIO DE XAPURI.,NÃO FINALIZADO,39011,28,,,,, Aquisição , Consumo ,,,,,,,,,,,,,
,,,,,,,,,,,,,,,,,,, FEIJÓ E JORDÃO.,NÃO FINALIZADO,32569,92,,,,, Aquisição , Consumo ,,,,,,,,,,,,,
,,,,,,,,,,,,,,,,,,,128960,4,,,,, Aquisição , Consumo ,,,,,,,,,,,,,,,
,,,,,,,,,,,,,,,,,,,579308,52,,,,, Aquisição , Consumo ,,,,,,,,,,,,,,,
,,,,,,,,,,,,,,,,,,,,,,12139,92,, Aquisição , Consumo ,Cancelado pelo Of. 19-14-0049406,,,,,,,,,,,,,,
,,,,,,,,,,,,,,,,,,, NO MUNICÍPIO DE MÂNCIO LIMA.,NÃO FINALIZADO,64087,20,,,,, Aquisição , Consumo ,,,,,,,,,,,,,
,,,,,,,,,,,,,,,,,,,NÃO FINALIZADO,31633,33,,,,, Serviços ,,Suspenso pedido de eslcarecimento,,,,,,,,,,,,,
,,,,,,,,,,,,,,,,,,,NÃO FINALIZADO,256852,34,,,,, Aquisição , Consumo ,,,,,,,,,,,,,,
,,,,,,,,,,,,,,,,,,,NÃO FINALIZADO,1013234,88,,,,, Aquisição , Consumo ,Prorrogação,,,,,,,,,,,,,
,,,,,,,,,,,,,,,,,,,NÃO FINALIZADO,14399,30,,,,, Aquisição , Permanente ,,,,,,,,,,,,,,
,,,,,,,,,,,,,,,,,,,CANCELADO,,,,51901,45,, Serviços ,,Cancelado pelo Of. 19-14-0071338,,,,,,,,,,,,,
,,,,,,,,,,,,,,,,,,,572410,90,,,,, Aquisição , Permanente ,,,,,,,,,,,,,,,
,,,,,,,,,,,,,,,,,,, PLASTIFICAÇÃO, CONFECÇÃO DE CARIMBOS, CHAVES E DEMAIS SERVIÇOS.,NÃO FINALIZADO,100103,50,,,,, Serviços ,,,,,,,,,,,,
,,,,,,,,,,,,,,,,,,,NÃO FINALIZADO,1722095,58,,,,, Aquisição , Consumo ,,,,,,,,,,,,,,
,,,,,,,,,,,,,,,,,,,NÃO FINALIZADO,6466,66,,,,, Aquisição , Permanente ,,,,,,,,,,,,,,
,,,,,,,,,,,,,,,,,,,NÃO FINALIZADO,1765488,10,,,,, Aquisição , Consumo ,,,,,,,,,,,,,,
,,,,,,,,,,,,,,,,,,, EPITACIOLÂNDIA, XAPURI, ACRELÂNDIA, SENADOR GUIOMARD, PLÁCIDO DE CASTRO, CAPIXABA, PORTO ACRE E RIO BRANCO.,NÃO FINALIZADO,1442938,0,,,,, Aquisição , Consumo ,,,,,,,
,,,,,,,,,,,,,,,,,,, PARA PRESTAÇÃO DE SERVIÇOS DE MECANIZAÇÃO AGRÍCOLA (DESTOCA, GRADAGEM E NIVELAMENTO) PARA IMPLANTAÇÃO DE ROÇADOS SUSTENTÁVEIS EM UNIDADES PRODUTIVAS NAS REGIONAIS DO BAIXO ACRE, ALTO ACRE E JURUÁ.,NÃO FINALIZADO,5065041,0,,,,, Serviços ,,Prorrogação,,,,,,,,,,
,,,,,,,,,,,,,,,,,,, NA VIA CHICO MENDES, ARENA DA FLORESTA.,NÃO FINALIZADO,478496,22,,,,, Aquisição , Consumo ,,,,,,,,,,,,
,,,,,,,,,,,,,,,,,,, SISTEMA UNIFICADO DE ATENÇÃO A SANIDADE AGROPECUÁRIA - SAUSA.,NÃO FINALIZADO,479600,0,,,,, Aquisição , Permanente ,Prorrogação c/ retificação,,,,,,,,,,,,
,,,,,,,,,,,,,,,,,,,NÃO FINALIZADO,16736,4,,,,, Aquisição , Consumo ,,,,,,,,,,,,,,
,,,,,,,,,,,,,,,,,,, GÁS LIQUEFEITO DE PETRÓLEO E BOTIJA DE GÁS, PARA ATENDER AS NECESSIDADES DO HOSPITAL DR. MANOEL MARINHO MONTES, NO MUNICIPIO DE PLÁCIDO DE CASTRO.,NÃO FINALIZADO,37184,4,,,,, Aquisição , Consumo ,Prorrogação,,,,,,,,,,
,,,,,,,,,,,,,,,,,,, PARA ATENDER AS NECESSIDADES DAS UNIDADES MISTAS DE ACRELÂNDIA E ANA NERY, NO ÂMBITO DA SESACRE NOS MUNICÍPIOS DE ACRELÂNDIA E VILA CAMPINAS - PLÁCIDO DE CASTRO.,NÃO FINALIZADO,33622,16,,,,, Aquisição , Consumo ,Prorrogação,,,,,,,,,,,
,,,,,,,,,,,,,,,,,,,NÃO FINALIZADO,15744,0,,,,, Aquisição , Consumo ,,,,,,,,,,,,,,
,,,,,,,,,,,,,,,,,,,NÃO FINALIZADO,302931,50,,,,, Aquisição , Permanente ,,,,,,,,,,,,,,
,,,,,,,,,,,,,,,,,,,4662500,0,4662500,0,3296000,0,,, Aquisição , Consumo ,Reedição Pregão SRP 202/14,,,,,,,,,,,,
,,,,,,,,,,,,,,,,,,,136100,0,,,,, Aquisição , Consumo ,,,,,,,,,,,,,,,
,,,,,,,,,,,,,,,,,,, MANUTENÇÃO E RECUPERAÇÃO DE RODOVIAS ESTADUAIS E FEDERAIS, ESTRADAS VICINAIS E VIAS URBANAS NA REGIONAL DO GREGÓRIO/LIBERDADE E JURUÁ.,NÃO FINALIZADO,4320000,0,,,,, Serviços ,,,,,,,,,,,,,
,,,,,,,,,,,,,,,,,,,REVOGADO,,,,,1134900,0, Aquisição , Consumo ,,,,,,,,,,,,,,
,,,,,,,,,,,,,,,,,,,9780,45,,,,, Aquisição , Permanente ,Prorrogado DOU,,,,,,,,,,,,,,
,,,,,,,,,,,,,,,,,,,149758,0,,,,, Aquisição , Permanente ,,,,,,,,,,,,,,,
,,,,,,,,,,,,,,,,,,,5890,0,,,,, Aquisição , Permanente ,,,,,,,,,,,,,,,
,,,,,,,,,,,,,,,,,,,172494,0,,,,, Aquisição , Permanente ,,,,,,,,,,,,,,,
,,,,,,,,,,,,,,,,,,, A FIM DE ATENDER AOS SETORES DE RADIOLOGIA DAS UNIDADES DE SAÚDE.,NÃO FINALIZADO,3549510,14,,,,, Aquisição , Permanente ,,,,,,,,,,,,,
,,,,,,,,,,,,,,,,,,, LOCALIZADO NA BR 364 KM 33, SENTIDO FEIJÓ/RIO BRANCO.,NÃO FINALIZADO,27665,0,,,,, Aquisição , Consumo ,,,,,,,,,,,,
,,,,,,,,,,,,,,,,,,, LOCALIZADO NA BR-364 KM 33, SENTIDO FEIJÓ/RIO BRANCO.,NÃO FINALIZADO,213025,0,,,,, Aquisição , Consumo ,,,,,,,,,,,,
,,,,,,,,,,,,,,,,,,,NÃO FINALIZADO,35460,0,,,,, Aquisição , Consumo ,,,,,,,,,,,,,,
,,,,,,,,,,,,,,,,,,, LOCALIZADO NA BR-364 KM 33, SENTIDO FEIJÓ/RIO BRANCO.,NÃO FINALIZADO,295776,0,,,,, Aquisição , Consumo ,,,,,,,,,,,,
,,,,,,,,,,,,,,,,,,, PARA ATENDER AS NECESSIDADES DO HOSPITAL GERAL DR. RAIMUNDO CHAAR E NÚCLEO DE HEMOTERAPIA NO MUNICÍPIO DE BRASILÉIA E UNIDADE MISTA DO MUNICÍPIO DE ASSIS BRASIL.,NÃO FINALIZADO,94367,40,,,,, Aquisição , Consumo ,,,,,,,,,,,,,
,,,,,,,,,,,,,,,,,,, PARA ATENDER AS NECESSIDADES DA UNIDADE MISTA DO MUNICÍPIO DE RODRIGUES ALVES.,NÃO FINALIZADO,39506,76,,,,, Aquisição , Consumo ,,,,,,,,,,,,,
,,,,,,,,,,,,,,,,,,,NÃO FINALIZADO,16531,8,,,,, Aquisição , Consumo ,,,,,,,,,,,,,,
,,,,,,,,,,,,,,,,,,,NÃO FINALIZADO,12779,0,,,,, Serviços ,,,,,,,,,,,,,,,
,,,,,,,,,,,,,,,,,,,NÃO FINALIZADO,1255439,26,,,,, Aquisição , Permanente ,,,,,,,,,,,,,,
,,,,,,,,,,,,,,,,,,,NÃO FINALIZADO,339800,0,,,,, Serviços ,,,,,,,,,,,,,,,
,,,,,,,,,,,,,,,,,,, CORRETIVA COM REPOSIÇÃO DE PEÇAS E COMPONENTES, PARA VEÍCULOS OFICIS TIPO ÔNIBUS, MARCA MERCEDES-BENZ, DA SEE.,NÃO FINALIZADO,1425000,0,,,,, Serviços ,,Suspenso pedido de esclarecimento,,,,,,,,,
,,,,,,,,,,,,,,,,,,, PARA PROVER SOLUÇÃO DE CONEXÃO IP (INTERNET PROTOCOL), QUE SUPORTE APLICAÇÕES TCP E DISPONIBILIZE ACESSO À REDE INTERNET, PARA ATENDER AS NECESSIDADES DA SEE.,NÃO FINALIZADO,898800,0,,,,, Serviços ,,Suspenso pedido de eslcarecimento,,,,,,,,,,
,,,,,,,,,,,,,,,,,,, CONSERVAÇÃO, MANUTENÇÃO E RECUPERAÇÃO DE VIAS URBANAS, ESTRADAS VICINAIS PAVIMENTADAS, RODOVIAS ESTADUAIS E FEDERAIS, PISTAS DE POUSO E DECOLAGEM DE AERÓDROMOS NA REGIONAL DO ENVIRA/TARAUACÁ.,NÃO FINALIZADO,2066400,0,,,,, Aquisição , Consumo ,Suspenso pedido de esclarecimento/Reabertura/Prorrogação,,,,,,,,
,,,,,,,,,,,,,,,,,,, BAIXO ACRE E PURUS.,NÃO FINALIZADO,80499,90,,,,, Aquisição , Permanente ,,,,,,,,,,,,,
,,,,,,,,,,,,,,,,,,, NOS MUNICÍPIOS DA REGIONAL ENVIRA/TARAUACÁ.,NÃO FINALIZADO,173347,74,,,,, Serviços ,,,,,,,,,,,,,,
,,,,,,,,,,,,,,,,,,, INTERESTADUAL E INTERNACIONAL, BEM COMO QUALQUER TAREFA ASSOCIADA A TRANSPORTE AÉREO, A FIM DE ATENDER AS DEMANDAS DA SESACRE.,NÃO FINALIZADO,980475,0,,,,, Serviços ,,,,,,,,,,,,
,,,,,,,,,,,,,,,,,,,NÃO FINALIZADO,29773,0,,,,, Aquisição , Permanente ,,,,,,,,,,,,,,
,,,,,,,,,,,,,,,,,,,457500,0,,,,, Serviços ,,,,,,,,,,,,,,,,
,,,,,,,,,,,,,,,,,,,4054383,65,,,,, Aquisição , Consumo ,,,,,,,,,,,,,,,
,,,,,,,,,,,,,,,,,,,NÃO FINALIZADO,504000,0,,,,, Serviços ,,,,,,,,,,,,,,,
,,,,,,,,,,,,,,,,,,,NÃO FINALIZADO,200000,0,,,,, Serviços ,,,,,,,,,,,,,,,
,,,,,,,,,,,,,,,,,,,143402,32,,,,, Serviços ,,,,,,,,,,,,,,,,
,,,,,,,,,,,,,,,,,,,1227500,0,,,,, Aquisição , Consumo ,,,,,,,,,,,,,,,
,,,,,,,,,,,,,,,,,,,100584,95,,,,, Aquisição , Consumo ,,,,,,,,,,,,,,,
,,,,,,,,,,,,,,,,,,,163000,53,,,,, Aquisição , Permanente ,,,,,,,,,,,,,,,
,,,,,,,,,,,,,,,,,,,330000,0,,,,, Serviços ,,,,,,,,,,,,,,,,
,,,,,,,,,,,,,,,,,,,84808,13,,,,, Aquisição , Consumo ,,,,,,,,,,,,,,,
,,,,,,,,,,,,,,,,,,,116505,0,,,,, Serviços ,,,,,,,,,,,,,,,,
,,,,,,,,,,,,,,,,,,,325551,99,,,,, Aquisição , Consumo ,,,,,,,,,,,,,,,
,,,,,,,,,,,,,,,,,,,133980,0,,,,, Serviços ,,,,,,,,,,,,,,,,
,,,,,,,,,,,,,,,,,,,62476,40,,,,, Serviços ,,,,,,,,,,,,,,,,
,,,,,,,,,,,,,,,,,,,46000,0,,,,, Serviços ,,,,,,,,,,,,,,,,
,,,,,,,,,,,,,,,,,,, MATERIAIS DIVERSOS E ELETROELETRÔNICOS/ELETRODOMÉSTICOS.,NÃO FINALIZADO,351158,16,,,,, Aquisição , Permanente ,,,,,,,,,,,,,
,,,,,,,,,,,,,,,,,,,206432,40,,,,, Aquisição , Consumo ,,,,,,,,,,,,,,,
,,,,,,,,,,,,,,,,,,,10633,0,,,,, Aquisição , Consumo ,,,,,,,,,,,,,,,
,,,,,,,,,,,,,,,,,,,634346,30,,,,, Aquisição , Consumo ,,,,,,,,,,,,,,,
,,,,,,,,,,,,,,,,,,,NÃO FINALIZADO,1535664,0,,,,, Serviços ,,,,,,,,,,,,,,,
,,,,,,,,,,,,,,,,,,,124170,28,,,,, Aquisição , Permanente ,,,,,,,,,,,,,,,
,,,,,,,,,,,,,,,,,,,165500,0,,,,, Aquisição , Permanente ,Prorrogado DOU,,,,,,,,,,,,,,
,,,,,,,,,,,,,,,,,,,NÃO FINALIZADO,77910,0,,,,, Serviços ,,Reedição Pregão SRP N. 305/14,,,,,,,,,,,,,
,,,,,,,,,,,,,,,,,,, DESTINADO A ATENDER OS ALUNOS MATRICULADOS NA REDE ESTADUAL DE ENSINO, NO MUNICÍPIO DE BUJARI.,NÃO FINALIZADO,147840,0,,,,, Serviços ,,,,,,,,,,,,,
,,,,,,,,,,,,,,,,,,,NÃO FINALIZADO,712333,0,,,,, Serviços ,,,,,,,,,,,,,,,
,,,,,,,,,,,,,,,,,,,NÃO FINALIZADO,224304,0,,,,, Aquisição , Consumo ,,,,,,,,,,,,,,
,,,,,,,,,,,,,,,,,,,53695,70,,,,, Aquisição , Permanente ,,,,,,,,,,,,,,,
,,,,,,,,,,,,,,,,,,,3569222,52,,,,, Aquisição , Consumo ,,,,,,,,,,,,,,,
,,,,,,,,,,,,,,,,,,,3392271,90,,,,, Aquisição , Consumo ,,,,,,,,,,,,,,,
,,,,,,,,,,,,,,,,,,,NÃO FINALIZADO,6372,0,,,,, Aquisição , Consumo ,Prorrogação DOU,,,,,,,,,,,,,
,,,,,,,,,,,,,,,,,,,362866,80,,,,, Aquisição , Permanente ,,,,,,,,,,,,,,,
,,,,,,,,,,,,,,,,,,,NÃO FINALIZADO,94500,0,,,,, Aquisição , Permanente ,,,,,,,,,,,,,,
,,,,,,,,,,,,,,,,,,,2850000,0,,,,, Aquisição , Permanente ,,,,,,,,,,,,,,,
,,,,,,,,,,,,,,,,,,,NÃO FINALIZADO,449998,46,,,,, Serviços ,,Prorrogação,,,,,,,,,,,,,
,,,,,,,,,,,,,,,,,,, TARAUACÁ, BRASILÉIA E EPITACIOLÂNDIA.,NÃO FINALIZADO,24479,20,,,,, Aquisição , Consumo ,,,,,,,,,,,,
,,,,,,,,,,,,,,,,,,,NÃO FINALIZADO,100310,0,,,,, Serviços ,,,,,,,,,,,,,,,
,,,,,,,,,,,,,,,,,,,NÃO FINALIZADO,6851,50,,,,, Aquisição , Consumo ,,,,,,,,,,,,,,
,,,,,,,,,,,,,,,,,,,NÃO FINALIZADO,8537,20,,,,, Aquisição , Consumo ,Prorrogação DOU,,,,,,,,,,,,,
,,,,,,,,,,,,,,,,,,, PARA ATENDER CURSO DE CAPACITAÇÃO AOS PROFISSIONAIS DA SAÚDE SOBRE O PROCESSO DE DOAÇÃO.,NÃO FINALIZADO,22931,68,,,,, Aquisição , Consumo ,,,,,,,,,,,,,
,,,,,,,,,,,,,,,,,,, VISANDO ATENDER AS DEMANDAS DA FÁBRICA DE PRESERVATIVOS MASCULINOS DE XAPURI.,NÃO FINALIZADO,2000000,0,,,,, Aquisição , Consumo ,,,,,,,,,,,,,
,,,,,,,,,,,,,,,,,,,NÃO FINALIZADO,8866800,0,,,,, Serviços ,,,,,,,,,,,,,,,
,,,,,,,,,,,,,,,,,,,460250,0,,,,, Aquisição , Permanente ,,,,,,,,,,,,,,,
,,,,,,,,,,,,,,,,,,, AR (COM PRODUÇÃO INDEPENDENTE NO MESMO MÓDULO) E CENTRAL VÁCUO.,NÃO FINALIZADO,1524705,0,,,,, Serviços ,,,,,,,,,,,,,,
,,,,,,,,,,,,,,,,,,,2893880,0,,,,, Aquisição , Consumo ,,,,,,,,,,,,,,,
,,,,,,,,,,,,,,,,,,,NÃO FINALIZADO,107281,14,,,,, Aquisição , Consumo ,,,,,,,,,,,,,,
,,,,,,,,,,,,,,,,,,,NÃO FINALIZADO,8063,90,,,,, Aquisição , Consumo ,,,,,,,,,,,,,,
,,,,,,,,,,,,,,,,,,, NOS MUNICÍPIOS DE SENA MADUREIRA, TARAUACÁ, BRASILÉIA E EPITACIOLÂNDIA.,NÃO FINALIZADO,73424,0,,,,, Aquisição , Consumo ,,,,,,,,,,,
,,,,,,,,,,,,,,,,,,,NÃO FINALIZADO,45350,76,,,,, Aquisição , Consumo ,,,,,,,,,,,,,,
,,,,,,,,,,,,,,,,,,, FRIGOBAR E GELADEIRA PARA POLICIA CIVIL.,NÃO FINALIZADO,20720,16,,,,, Serviços , Consumo ,,,,,,,,,,,,,
,,,,,,,,,,,,,,,,,,,4404138,87,,,,, Serviços ,,,,,,,,,,,,,,,,
,,,,,,,,,,,,,,,,,,, PROFISSIONAL DE NÍVEL TÉCNICO PARA ATUAR COMO INSTRUTOR NO CURSO DE FLORES TROPICAIS E JARDINAGEM NOS MUNICÍPIOS DE SENA MADUREIRA E CRUZEIRO DO SUL.,NÃO FINALIZADO,10080,0,,,,, Serviços ,,,,,,,,,,,,,,
,,,,,,,,,,,,,,,,,,, HOSPEDAGEM E ALIMENTAÇÃO VISANDO SUBSIDIAR A REALIZAÇÃO DAS REUNIÕES COLEGIADAS DO GRUPO DE TRABALHO INDÍGENAS DA CEVA.,NÃO FINALIZADO,141100,0,,,,, Serviços ,,,,,,,,,,,,,,
,,,,,,,,,,,,,,,,,,,71230,55,,,,, Aquisição , Consumo ,,,,,,,,,,,,,,,
,,,,,,,,,,,,,,,,,,,407548,5,,,,, Aquisição , Consumo ,,,,,,,,,,,,,,,
,,,,,,,,,,,,,,,,,,,42934,0,,,,, Aquisição , Consumo ,,,,,,,,,,,,,,,
,,,,,,,,,,,,,,,,,,,203805,42,,,,, Aquisição , Consumo ,,,,,,,,,,,,,,,
,,,,,,,,,,,,,,,,,,, TAMBOR, VAQUEJADA E RANKIAMENTO), A SEREM REALIZADAS POR OCASIÃO DA EXPOACRE 2014.,NÃO FINALIZADO,501270,0,,,,, Serviços ,,,,,,,,,,,,
,,,,,,,,,,,,,,,,,,,22359,0,,,,, Aquisição , Consumo ,,,,,,,,,,,,,,,
,,,,,,,,,,,,,,,,,,,408435,0,,,,, Aquisição , Consumo ,,,,,,,,,,,,,,,
,,,,,,,,,,,,,,,,,,, NO MUNICÍPIO DE CRUZEIRO DO SUL.,NÃO FINALIZADO,63750,0,,,,, Aquisição , Consumo ,,,,,,,,,,,,,
